id,baseline,topic,chapter_mapping,study_tier,mock,question,decision,verification,automatic_flags,fingerprint_matches
q-0001,True,labor.childcare-care,給与計算担当者が知っておきたい法律,reinforcement,,育児・介護休業法における通常の育児休業の期間と分割回数の原則はどれか。,revise,complete,,True
q-0002,True,labor.conditions-rules,給与計算担当者が知っておきたい法律,core,mogi-3,使用者が労働基準法に基づいて労働条件を明示する時期はいつか。,maintain,complete,,True
q-0003,True,labor.conditions-rules,給与計算担当者が知っておきたい法律,core,,2024年4月から、全ての労働契約の締結時などに追加された明示事項はどれか。,revise,complete,,True
q-0004,True,labor.conditions-rules,給与計算担当者が知っておきたい法律,reinforcement,,明示された労働条件が事実と異なっていた場合、労働者に認められる対応はどれか。,revise,complete,,True
q-0005,True,rules.work-rules,給与計算担当者が知っておきたい法律,core,,就業規則の作成義務を判断する単位と労働者数の基準はどれか。,revise,complete,,True
q-0006,True,labor.conditions-rules,給与計算担当者が知っておきたい法律,reinforcement,,就業規則に必ず記載しなければならない事項の組合せはどれか。,maintain,complete,,True
q-0007,True,labor.conditions-rules,給与計算担当者が知っておきたい法律,reinforcement,,就業規則の相対的必要記載事項に該当するものはどれか。,maintain,complete,,True
q-0008,True,labor.conditions-rules,給与計算担当者が知っておきたい法律,reinforcement,,過半数労働組合がない事業場で、就業規則を作成または変更するときの意見聴取として適切なものはどれか。,revise,complete,,True
q-0009,True,labor.conditions-rules,給与計算担当者が知っておきたい法律,reinforcement,,就業規則を労働者に周知する方法として適切なものはどれか。,revise,complete,,True
q-0010,True,labor.contract,給与計算担当者が知っておきたい法律,core,,労働契約法が定める労働契約の基本原則に該当するものはどれか。,maintain,complete,,True
q-0011,True,labor.contract,給与計算担当者が知っておきたい法律,reinforcement,,労働契約法上、解雇の有効性に関する説明として適切なものはどれか。,maintain,complete,,True
q-0012,True,labor.contract,給与計算担当者が知っておきたい法律,reinforcement,,有期労働契約の契約期間中に使用者が労働者を解雇する場合の原則はどれか。,maintain,complete,,True
q-0013,True,labor.contract,給与計算担当者が知っておきたい法律,core,,就業規則の変更によって労働条件を不利益に変更する場合の取扱いはどれか。,revise,complete,,True
q-0014,True,labor.part-time,給与計算担当者が知っておきたい法律,core,,パートタイム・有期雇用労働法における同一労働同一賃金の基本的な考え方はどれか。,maintain,complete,,True
q-0015,True,labor.part-time,給与計算担当者が知っておきたい法律,reinforcement,,通常の労働者とパートタイム・有期雇用労働者の均等待遇に関する説明はどれか。,revise,complete,,True
q-0016,True,labor.part-time,給与計算担当者が知っておきたい法律,core,,パートタイム・有期雇用労働者から待遇差の説明を求められた場合、事業主が説明する内容はどれか。,maintain,complete,,True
q-0017,True,labor.termination-compensation,給与計算担当者が知っておきたい法律,reinforcement,,解雇予告制度が適用される労働者について、解雇予告手当を支払わない場合の法定の予告日数の下限はどれか。,revise,complete,,True
q-0018,True,labor.termination-compensation,給与計算担当者が知っておきたい法律,reinforcement,,30日に満たない日数で解雇予告をする場合、その期間を短縮する方法はどれか。,maintain,complete,,True
q-0019,True,labor.termination-compensation,給与計算担当者が知っておきたい法律,reinforcement,,労働者の責めに帰すべき重大な事由による解雇について、解雇予告制度の除外を受けるための取扱いはどれか。,maintain,complete,,True
q-0020,True,labor.termination-compensation,給与計算担当者が知っておきたい法律,reinforcement,,減給の制裁について、1回の事案に対する減給額の上限はどれか。,maintain,complete,,True
q-0021,True,labor.termination-compensation,給与計算担当者が知っておきたい法律,reinforcement,,複数の減給制裁を同じ賃金支払期に行う場合、その総額の上限はどれか。,revise,complete,,True
q-0022,True,labor.termination-compensation,給与計算担当者が知っておきたい法律,core,,退職者から未払賃金や本人所有の金品の返還請求を受けた場合、使用者はいつまでに対応するか。,revise,complete,,True
q-0023,True,labor.termination-compensation,給与計算担当者が知っておきたい法律,reinforcement,,退職者が請求した賃金の一部について労使間に争いがある場合、使用者が取るべき対応はどれか。,maintain,complete,,True
q-0024,True,labor.termination-compensation,給与計算担当者が知っておきたい法律,reinforcement,,労働基準法上、労働者が業務上負傷した場合の療養補償の内容はどれか。,revise,complete,,True
q-0025,True,labor.termination-compensation,給与計算担当者が知っておきたい法律,core,,労働基準法上の休業補償に関する説明として適切なものはどれか。,revise,complete,,True
q-0026,True,rules.labor-contract,給与計算担当者が知っておきたい法律,core,,就業規則に『法定時間外労働の割増率は10％』と記載されている。この規定の扱いとして適切なものはどれか。,revise,complete,,True
q-0027,True,rules.labor-contract,給与計算担当者が知っておきたい法律,core,,会社が就業規則を変更して労働条件を不利益に変更しようとしている。労働契約法上もっとも適切な説明はどれか。,revise,complete,,True
q-0028,True,rules.work-rules,,core,,就業規則の作成・届出義務が原則として生じる事業場はどれか。,retire,retired,,退役：公開対象外
q-0029,True,rules.work-rules,給与計算担当者が知っておきたい法律,core,mogi-1,常時20人を使用する事業場が就業規則を作成する際、過半数労働組合がない場合の手続として正しいものはどれか。,maintain,complete,,True
q-0030,True,wage.deductions,給与計算担当者が知っておきたい法律,core,mogi-1,賃金からの控除について最も適切なものはどれか。,maintain,complete,,True
q-0031,True,wage.deductions,給与計算担当者が知っておきたい法律,core,,会社が給与から社員旅行積立金を控除したい。全額払いの原則に照らして適切な対応はどれか。,revise,complete,,True
q-0032,True,wage.payment-principles,給与計算担当者が知っておきたい法律,core,mogi-1,労働基準法第24条の「賃金支払の原則」に含まれないものはどれか。,maintain,complete,,True
q-0033,True,wage.payment-principles,給与計算担当者が知っておきたい法律,core,,毎月の賃金支払日を『毎月25日。ただし25日が休日なら会社がその都度決める』とする運用について、賃金支払の原則上もっとも適切なものはどれか。,maintain,complete,構造化計算未登録,True
q-0034,True,attendance.break-minimum,勤怠欄,core,,労働時間と法定の最低休憩時間の組合せとして正しいものはどれか。,revise,complete,,True
q-0035,True,attendance.break-minimum,勤怠欄,core,,昼休み中も電話が鳴れば必ず応対するよう指示され、実際に自由に職場を離れられない時間の扱いとして適切なものはどれか。,revise,complete,,True
q-0036,True,attendance.statutory-holiday,勤怠欄,core,mogi-1,4週間の起算日を就業規則に明記して変形休日制を採用している。ある4週間では、第1週の休日が0日、第2～4週の休日が合計4日だった。労基法35条の休日付与義務について正しいものはどれか。,revise,complete,構造化計算未登録,True
q-0037,True,attendance.statutory-holiday,勤怠欄,core,,週休2日制で日曜日を法定休日、土曜日を所定休日と定めている。法定労働時間の超過がない週に土曜日だけ勤務した場合、労基法上の休日割増35％について正しいものはどれか。,revise,complete,構造化計算未登録,True
q-0038,True,attendance.statutory-hours,勤怠欄,core,mogi-1,原則的な法定労働時間の組合せとして正しいものはどれか。,revise,complete,,True
q-0039,True,attendance.statutory-hours,勤怠欄,core,,所定労働時間が1日7時間の会社で、法定休日ではないある日に休憩を除き9時間働いた。変形労働時間制等はなく、週の基準による追加の時間外も生じない。この日の法定時間外労働は何時間か。,revise,complete,構造化計算未登録,True
q-0040,True,labor.breaks,,reinforcement,,1日の労働時間がちょうど6時間である場合、法定の休憩時間は最低何分か。,retire,retired,,退役：公開対象外
q-0041,True,labor.breaks,勤怠欄,core,mogi-1,労基法の休憩規定が通常どおり適用される職場で、休憩を除く実労働を7時間45分と予定し、途中に45分休憩した。残業により実労働が8時間15分となる見込みの場合、休憩について必要な対応はどれか。,revise,complete,構造化計算未登録,True
q-0042,True,labor.breaks,勤怠欄,core,,1日に10時間働かせる場合の休憩の与え方として、適切なものはどれか。,revise,complete,構造化計算未登録,True
q-0043,True,labor.breaks,勤怠欄,core,,休憩の一斉付与が原則となる事業場で、これを適用しないための取扱いとして適切なものはどれか。,revise,complete,,True
q-0044,True,labor.breaks,,reinforcement,,休憩中も電話や来客に直ちに対応するよう命じられている時間の取扱いとして、適切なものはどれか。,retire,retired,,退役：公開対象外
q-0045,True,labor.breaks,,reinforcement,,実労働時間が7時間である日に、労働基準法上必要となる休憩時間はどれか。,retire,retired,,退役：公開対象外
q-0046,True,labor.breaks,勤怠欄,reinforcement,,休憩の与え方に関する労働基準法上の原則として、適切なものはどれか。,revise,complete,,True
q-0047,True,labor.childcare-care,給与計算担当者が知っておきたい法律,reinforcement,,出生日が出産予定日と同じ場合、出生時育児休業を取得できる期間と日数の上限の組合せはどれか。,revise,complete,,True
q-0048,True,labor.childcare-care,給与計算担当者が知っておきたい法律,core,,出生時育児休業の分割取得に関する原則はどれか。,revise,complete,,True
q-0049,True,labor.childcare-care,給与計算担当者が知っておきたい法律,core,,対象家族1人について取得できる介護休業の日数と回数はどれか。,revise,complete,,True
q-0050,True,labor.childcare-care,給与計算担当者が知っておきたい法律,reinforcement,,育児を理由とする所定外労働の制限を原則として請求できる労働者の子の年齢範囲はどれか。,revise,complete,,True
q-0051,True,labor.childcare-care,給与計算担当者が知っておきたい法律,reinforcement,,育児のための短時間勤務制度について、事業主が講ずべき措置の原則はどれか。,revise,complete,,True
q-0052,True,labor.childcare-care,給与計算担当者が知っておきたい法律,reinforcement,,3歳から小学校就学前までの子を養育する労働者に対する柔軟な働き方の措置はどれか。,revise,complete,,True
q-0053,True,labor.childcare-care,給与計算担当者が知っておきたい法律,reinforcement,,2025年4月から、要介護状態にある対象家族を介護する労働者に対するテレワーク措置の位置付けはどれか。,revise,complete,,True
q-0054,True,labor.childcare-care,給与計算担当者が知っておきたい法律,reinforcement,,育児休業や介護休業の申出または取得を理由とする事業主の取扱いはどれか。,revise,complete,,True
q-0055,True,labor.deemed-hours,勤怠欄,core,,事業場外みなし労働時間制を適用するための基本要件として、適切なものはどれか。,revise,complete,,True
q-0056,True,labor.deemed-hours,勤怠欄,core,,事業場外の労働時間を算定し難く、事業場内外の業務を合わせても通常は所定労働時間内に収まる場合、事業場外みなし労働時間制による1日の労働時間は原則としてどれか。,revise,complete,,True
q-0057,True,labor.deemed-hours,勤怠欄,reinforcement,,事業場外業務には通常所定労働時間を超える時間が必要で、その通常必要時間をみなし時間としている。事業場外業務の後に社内会議をした日の労働時間の算定として適切なものはどれか。,revise,complete,,True
q-0058,True,labor.deemed-hours,,reinforcement,,事業場外みなし労働時間制の適用場面として、適切なものはどれか。,retire,retired,,退役：公開対象外
q-0059,True,labor.discretionary,勤怠欄,reinforcement,,専門業務型裁量労働制を対象労働者に適用するための手続として、適切なものはどれか。,revise,complete,,True
q-0060,True,labor.discretionary,勤怠欄,core,mogi-1,企画業務型裁量労働制の導入手続として、適切なものはどれか。,revise,complete,,True
q-0061,True,labor.discretionary,勤怠欄,core,,裁量労働制の対象者が法定休日や深夜に働いた場合の取扱いとして、適切なものはどれか。,revise,complete,,True
q-0062,True,labor.discretionary,勤怠欄,core,,裁量労働制における労働時間算定の基本として、適切なものはどれか。,revise,complete,,True
q-0063,True,labor.flex,勤怠欄,core,,フレックスタイム制における清算期間の法定上限はどれか。,revise,complete,,True
q-0064,True,labor.flex,勤怠欄,core,,フレックスタイム制の中心的な特徴として、適切なものはどれか。,revise,complete,,True
q-0065,True,labor.flex,,reinforcement,,フレックスタイム制の清算期間について、法律上の最長期間はどれか。,retire,retired,,退役：公開対象外
q-0066,True,labor.flex,勤怠欄,core,mogi-1,フレックスタイム制におけるコアタイムの扱いとして、適切なものはどれか。,revise,complete,,True
q-0067,True,labor.flex,勤怠欄,core,mogi-2,清算期間が1か月を超えるフレックスタイム制の労使協定について、適切な扱いはどれか。,revise,complete,,True
q-0068,True,labor.holidays,勤怠欄,core,,労基法35条が定める休日の最低日数について、毎週付与する原則と、変形休日制の場合の組合せはどれか。,revise,complete,,True
q-0069,True,labor.holidays,勤怠欄,core,mogi-1,法定休日と所定休日の区別として、適切なものはどれか。,revise,complete,,True
q-0070,True,labor.holidays,勤怠欄,reinforcement,,振替休日の意味として、適切なものはどれか。,revise,complete,,True
q-0071,True,labor.holidays,勤怠欄,reinforcement,,1週40時間が法定基準の通常の労働時間制で、法定休日を適法に翌週へ振り替えた結果、元の休日を含む週の実労働が40時間を超えた。1日8時間超として既に計上した時間外はない。この週の超過分の取扱いはどれか。,revise,complete,構造化計算未登録,True
q-0072,True,labor.holidays,勤怠欄,core,mogi-2,毎週水曜日を法定休日とし、その日は終日労働させないと定める場合、労基法35条の毎週の休日付与義務について正しいものはどれか。,revise,complete,,True
q-0073,True,labor.holidays,勤怠欄,core,,週休2日制の事業場における法定休日と所定休日の関係として、適切なものはどれか。,revise,complete,,True
q-0074,True,labor.holidays,,reinforcement,,振替休日の基本的な意味として、最も適切なものはどれか。,retire,retired,,退役：公開対象外
q-0075,True,labor.holidays,勤怠欄,reinforcement,,法定休日に労働させた後で代休を与えた場合の割増賃金の扱いとして、適切なものはどれか。,revise,complete,,True
q-0076,True,labor.hours,勤怠欄,core,mogi-2,所定労働時間と法定労働時間の関係として、適切なものはどれか。,revise,complete,,True
q-0077,True,labor.hours,勤怠欄,core,,週44時間の特例措置が適用される事業場として、適切なものはどれか。,revise,complete,,True
q-0078,True,labor.hours,勤怠欄,reinforcement,,法定内残業に当たるものとして、適切なものはどれか。,revise,complete,,True
q-0079,True,labor.hours,勤怠欄,reinforcement,,変形労働時間制等のない事業場で、法定休日ではない日の所定労働7時間を1時間延長し、休憩を除く実労働が8時間となった。週40時間も超えない。この1時間について、36協定と法定時間外割増の取扱いはどれか。,revise,complete,構造化計算未登録,True
q-0080,True,labor.hours,勤怠欄,core,,一般の事業場における法定労働時間の原則として、適切な組合せはどれか。,revise,complete,,True
q-0081,True,labor.hours,,reinforcement,,特例措置対象事業場に適用される法定労働時間として、適切な組合せはどれか。,retire,retired,,退役：公開対象外
q-0082,True,labor.hours,,reinforcement,,所定労働時間の意味として、最も適切なものはどれか。,retire,retired,,退役：公開対象外
q-0083,True,labor.hours,,reinforcement,,1日の所定労働時間が7時間の労働者が、ある日に8時間働いた（この週の労働時間は40時間を超えないものとする）。この追加の1時間の扱いとして適切なものはどれか。,retire,retired,,退役：公開対象外
q-0084,True,labor.leave-grant,勤怠欄,core,,比例付与の対象でない労働者について、会社独自の前倒し付与がない場合、最初の法定年休10日が発生する継続勤務期間と最低出勤率の組合せはどれか。,revise,complete,,True
q-0085,True,labor.leave-grant,勤怠欄,core,,週単位で所定労働日数を定める労働者が、年休の比例付与の対象となる基本条件はどれか。,revise,complete,,True
q-0086,True,labor.leave-grant,勤怠欄,core,mogi-2,週4日・週30時間未満で働く者が、6か月継続勤務と8割出勤を満たした場合の年休付与日数はどれか。,revise,complete,構造化計算未登録,True
q-0087,True,labor.leave-grant,,reinforcement,,一般の労働者に初めて年次有給休暇が付与される要件と日数の組合せはどれか。,retire,retired,,退役：公開対象外
q-0088,True,labor.leave-grant,勤怠欄,reinforcement,,比例付与の対象でない労働者が各回の出勤率要件を満たしている。勤続6か月、1年6か月、2年6か月、3年6か月の順に並べた、その年に新たに付与する法定日数はどれか。,revise,complete,,True
q-0089,True,labor.leave-grant,勤怠欄,reinforcement,,比例付与の対象でない労働者が勤続8年6か月となり、出勤率要件を満たしている。前年に付与された20日は全て未使用で、まだ時効が完成しておらず、他の残日数はない。今回の法定付与直後に保有する年休の合計は何日か。,revise,complete,構造化計算未登録,True
q-0090,True,labor.leave-grant,,reinforcement,,週所定労働日数で比例付与を受ける労働者の要件として、適切なものはどれか。,retire,retired,,退役：公開対象外
q-0091,True,labor.leave-grant,勤怠欄,reinforcement,,週所定3日かつ週所定30時間未満の労働者が、6か月継続勤務し、その期間の全労働日の8割以上出勤した。初回の法定年休の比例付与日数はどれか。,revise,complete,構造化計算未登録,True
q-0092,True,labor.leave-grant,勤怠欄,reinforcement,,パートタイム労働者や有期雇用労働者の年次有給休暇について、適切なものはどれか。,revise,complete,,True
q-0093,True,labor.leave-grant,勤怠欄,core,mogi-3,年次有給休暇の出勤率を算定する際、出勤したものとみなされる日はどれか。,revise,complete,,True
q-0094,True,labor.leave-use,勤怠欄,core,,法定年休が年10日以上付与される労働者について、使用者が年5日の取得を確保する義務における取得日数の扱いとして、適切なものはどれか。,revise,complete,構造化計算未登録,True
q-0095,True,labor.leave-use,勤怠欄,reinforcement,,使用者が年5日の取得義務を果たすために年休の時季を指定する際の取扱いはどれか。,revise,complete,,True
q-0096,True,labor.leave-use,勤怠欄,core,,労働者の年休時季指定権と使用者の時季変更権の関係として、適切なものはどれか。,revise,complete,,True
q-0097,True,labor.leave-use,勤怠欄,core,mogi-2,計画年休を適法に導入するため、就業規則と書面の労使協定を整える。ある労働者の未使用年休は、今回の付与10日と有効な前年繰越5日の合計15日である。この時点で計画的付与の対象にできる最大日数はどれか。,revise,complete,構造化計算未登録,True
q-0098,True,labor.leave-use,勤怠欄,reinforcement,,時間単位年休を導入する場合の取扱いとして、適切なものはどれか。,revise,complete,,True
q-0099,True,labor.leave-use,勤怠欄,reinforcement,,年休取得日の賃金として法令上認められる方法の組合せはどれか。,revise,complete,,True
q-0100,True,labor.leave-use,,reinforcement,,年5日の取得確保において、使用者の時季指定が必要な日数から控除されるものはどれか。,retire,retired,,退役：公開対象外
q-0101,True,labor.leave-use,勤怠欄,reinforcement,,法定年休が年10日付与された労働者が、基準日からの1年間で、本人の請求により1日単位で2日、半日単位で2回、時間単位で合計8時間を取得した。他の取得はない。年5日の取得確保までに不足する日数は何日か。,revise,complete,構造化計算未登録,True
q-0102,True,labor.leave-use,,reinforcement,,使用者が年5日の取得確保のために年休の時季を指定する際の対応として、適切なものはどれか。,retire,retired,,退役：公開対象外
q-0103,True,labor.leave-use,勤怠欄,reinforcement,,労働者が指定した年休の時季に対する使用者の時季変更権について、適切なものはどれか。,revise,complete,,True
q-0104,True,labor.leave-use,勤怠欄,reinforcement,,労働者による年次有給休暇の時季指定と利用目的について、適切なものはどれか。,revise,complete,,True
q-0105,True,labor.leave-use,勤怠欄,core,,年次有給休暇の計画的付与の対象範囲と手続として、適切なものはどれか。,revise,complete,,True
q-0106,True,labor.leave-use,,reinforcement,,時間単位年休を導入するための要件と年間上限として、適切なものはどれか。,retire,retired,,退役：公開対象外
q-0107,True,labor.leave-use,勤怠欄,reinforcement,,時間単位年休と計画的付与の関係として、適切なものはどれか。,revise,complete,,True
q-0108,True,labor.leave-use,,reinforcement,,年次有給休暇を取得した日の法定の賃金支払方法として、認められる組合せはどれか。,retire,retired,,退役：公開対象外
q-0109,True,labor.leave-use,勤怠欄,reinforcement,,年休取得日の賃金に標準報酬日額を用いる場合の手続として、適切なものはどれか。,revise,complete,,True
q-0110,True,labor.leave-use,勤怠欄,reinforcement,,半日単位の年次有給休暇の取扱いとして、適切なものはどれか。,revise,complete,,True
q-0111,True,labor.leave-use,勤怠欄,reinforcement,,付与された年次有給休暇の請求権が時効により消滅する期間は、原則として何年か。,revise,complete,,True
q-0112,True,labor.maternity,給与計算担当者が知っておきたい法律,core,,単胎妊娠における産前産後休業の期間の原則はどれか。,maintain,complete,,True
q-0113,True,labor.maternity,給与計算担当者が知っておきたい法律,core,,産後8週間以内の女性労働者が例外的に就業できる条件はどれか。,revise,complete,,True
q-0114,True,labor.overtime-agreement,給与計算担当者が知っておきたい法律,core,,労働者の過半数で組織する労働組合がない事業場で、36協定の締結と届出の手続として、適切なものはどれか。,revise,complete,,True
q-0115,True,labor.overtime-agreement,給与計算担当者が知っておきたい法律,core,mogi-2,36協定を締結・届出した場合の効果として、適切なものはどれか。,revise,complete,,True
q-0116,True,labor.overtime-agreement,給与計算担当者が知っておきたい法律,core,,上限規制の特例・適用除外がない通常の労働時間制で、36協定に定める法定時間外労働の限度時間の原則はどれか。,revise,complete,,True
q-0117,True,labor.overtime-agreement,給与計算担当者が知っておきたい法律,reinforcement,,36協定の特別条項を利用できる事情として、適切なものはどれか。,revise,complete,,True
q-0118,True,labor.overtime-agreement,給与計算担当者が知っておきたい法律,reinforcement,,上限規制の特例・適用除外がない労働者について、特別条項における年720時間以内の集計対象を正確に示すものはどれか。,revise,complete,,True
q-0119,True,labor.overtime-agreement,給与計算担当者が知っておきたい法律,reinforcement,,上限規制の特例・適用除外がない労働者について、特別条項がある場合の単月の上限を、集計対象と数値の境界まで正確に示すものはどれか。,revise,complete,,True
q-0120,True,labor.overtime-agreement,給与計算担当者が知っておきたい法律,core,mogi-3,上限規制の特例・適用除外がない労働者に特別条項付き36協定を適用している。法定時間外労働と法定休日労働の合計は、直近の連続する2か月で98時間、64時間だった。この2か月についての上限判定として正しいものはどれか。,revise,complete,構造化計算未登録,True
q-0121,True,labor.overtime-agreement,給与計算担当者が知っておきたい法律,reinforcement,,上限規制の特例・適用除外がない通常の労働時間制で、特別条項により月45時間を超える法定時間外労働が認められる月数の上限はどれか。,revise,complete,,True
q-0122,True,labor.overtime-agreement,給与計算担当者が知っておきたい法律,core,,上限規制の特例・適用除外がない通常の労働時間制で、特別条項付き36協定を適用する場合の考え方として、適切なものはどれか。,revise,complete,,True
q-0123,True,labor.overtime-agreement,,reinforcement,,36協定を締結して届け出ることにより可能となる労働として、適切なものはどれか。,retire,retired,,退役：公開対象外
q-0124,True,labor.overtime-agreement,,core,,一般の労働者に関する36協定の時間外労働の限度時間として、原則的な組合せはどれか。,retire,retired,,退役：公開対象外
q-0125,True,labor.overtime-agreement,,reinforcement,,36協定の特別条項における年720時間の上限の対象として、適切なものはどれか。,retire,retired,,退役：公開対象外
q-0126,True,labor.overtime-agreement,,reinforcement,,36協定の特別条項を適用する場合の単月の上限として、適切なものはどれか。,retire,retired,,退役：公開対象外
q-0127,True,labor.overtime-agreement,給与計算担当者が知っておきたい法律,core,,上限規制の特例・適用除外がない労働者について、36協定の特別条項における2か月から6か月平均の上限を、集計対象まで正確に示すものはどれか。,revise,complete,,True
q-0128,True,labor.overtime-agreement,,reinforcement,,特別条項により原則の月45時間を超えることができる月数の上限はどれか。,retire,retired,,退役：公開対象外
q-0129,True,labor.overtime-agreement,給与計算担当者が知っておきたい法律,reinforcement,,上限規制の特例・適用除外がない事業で、対象期間が3か月を超える1年単位の変形労働時間制における法定時間外労働の限度時間の原則はどれか。,revise,complete,,True
q-0130,True,labor.supervisor,勤怠欄,core,,労働基準法上の管理監督者にも適用される規定の組合せとして、適切なものはどれか。,revise,complete,,True
q-0131,True,labor.supervisor,勤怠欄,core,,「課長」という肩書を付けただけで、重要な労務管理の権限も勤務時間の裁量も与えず、賃金も一般社員と同程度のままにしている。労基法の管理監督者として時間外割増を不要にできるか。,revise,complete,,True
q-0132,True,labor.variable-hours,勤怠欄,core,,週44時間の特例が適用されない事業場で、1か月単位の変形労働時間制を採用する場合の基本的な枠組みはどれか。,revise,complete,,True
q-0133,True,labor.variable-hours,勤怠欄,reinforcement,,1年単位の変形労働時間制の対象期間と週平均の原則として、適切なものはどれか。,revise,complete,,True
q-0134,True,labor.variable-hours,勤怠欄,core,mogi-2,常時9人を使用する小売店が、日ごとの繁閑を予測しにくいなどの要件を満たし、1週間単位の非定型的変形労働時間制を適法に採用する。この制度で1週間に配分できる所定労働時間の上限はどれか。,revise,complete,,True
q-0135,True,labor.variable-hours,勤怠欄,core,,1か月単位の変形労働時間制における労働時間の特定について、適切なものはどれか。,revise,complete,,True
q-0136,True,labor.variable-hours,,reinforcement,,1か月単位の変形労働時間制の基本的な仕組みとして、適切なものはどれか。,retire,retired,,退役：公開対象外
q-0137,True,labor.variable-hours,,reinforcement,,1か月単位の変形労働時間制で勤務割を定める際の原則として、適切なものはどれか。,retire,retired,,退役：公開対象外
q-0138,True,labor.variable-hours,勤怠欄,reinforcement,,1か月単位の変形労働時間制を導入するための定めとして、適切なものはどれか。,revise,complete,,True
q-0139,True,labor.variable-hours,勤怠欄,core,mogi-3,1年単位の変形労働時間制の導入手続として、適切なものはどれか。,revise,complete,,True
q-0140,True,labor.variable-hours,勤怠欄,reinforcement,,隔日勤務タクシー等の特例がない1年単位の変形労働時間制で、あらかじめ配分できる所定労働時間の原則的な上限の組合せはどれか。,revise,complete,,True
q-0141,True,labor.variable-hours,勤怠欄,core,,1週間単位の非定型的変形労働時間制を採用できる事業場として、適切なものはどれか。,revise,complete,,True
q-0142,True,leave.five-day-duty,勤怠欄,core,,使用者が年5日の年休取得を確保する義務の対象として、適切なものはどれか。,revise,complete,,True
q-0143,True,leave.five-day-duty,勤怠欄,core,mogi-2,当年の法定年休の新規付与が7日で、有効な前年繰越が3日ある労働者について、年5日の取得確保義務の対象になるか。,revise,complete,,True
q-0144,True,leave.initial-grant,勤怠欄,core,,比例付与の対象でない労働者が入社から6か月継続勤務した。出勤率計算の対象となる全労働日は120日で、出勤扱いの日は96日、残る24日は私用欠勤だった。会社独自の前倒し・上乗せ付与はない。初回に法定付与する年休は何日か。,revise,complete,構造化計算未登録,True
q-0145,True,leave.initial-grant,勤怠欄,core,mogi-2,入社から6か月継続勤務した比例付与対象外の労働者の出勤率が79％だった。会社独自の前倒し・上乗せ付与はない。初回の年休の法定付与義務について、正しいものはどれか。,revise,complete,,True
q-0146,True,premium.base,,reinforcement,,割増賃金の算定基礎から除外できるものとして法令に列挙されている手当はどれか。,retire,retired,,退役：公開対象外
q-0147,True,premium.base,支給項目欄,core,,割増賃金の算定基礎から除外できる七種類の賃金は、法令上どのように位置付けられているか。,revise,complete,,True
q-0148,True,premium.base,支給項目欄,core,,手当が割増賃金の算定基礎から除外できるかを判定する際の基本姿勢はどれか。,revise,complete,,True
q-0149,True,premium.base,支給項目欄,core,,扶養家族の有無や人数に関係なく全従業員へ一律支給する家族手当の取扱いはどれか。,revise,complete,,True
q-0150,True,premium.base,支給項目欄,core,,扶養家族1人につき一定額を支給する家族手当の取扱いはどれか。,revise,complete,,True
q-0151,True,premium.base,支給項目欄,reinforcement,,住宅費や住宅形態に関係なく全従業員へ一律支給する住宅手当の取扱いはどれか。,revise,complete,,True
q-0152,True,premium.base,支給項目欄,reinforcement,,住宅に要する費用に一定率を乗じて個別算定する住宅手当の取扱いはどれか。,revise,complete,,True
q-0153,True,premium.base,支給項目欄,reinforcement,,実際の通勤距離や交通費に応じて支給する通勤手当の取扱いはどれか。,revise,complete,,True
q-0154,True,premium.base,支給項目欄,reinforcement,,通勤の有無や距離に関係なく全従業員へ一律支給する通勤手当の取扱いはどれか。,revise,complete,,True
q-0155,True,premium.base,支給項目欄,reinforcement,,毎月の売上実績に応じて支払う営業実績手当の取扱いはどれか。,revise,complete,,True
q-0156,True,premium.base,,reinforcement,,臨時に支払われた賃金に該当することが確認された一時金の取扱いはどれか。,retire,retired,,退役：公開対象外
q-0157,True,premium.base,,reinforcement,,全従業員について保有資格に応じて毎月支給する資格手当の取扱いはどれか。,retire,retired,,退役：公開対象外
q-0158,True,premium.base,支給項目欄,reinforcement,,扶養する子の人数や教育費に応じて個別算定する子女教育手当の取扱いはどれか。,revise,complete,,True
q-0159,True,premium.base,支給項目欄,reinforcement,,実費弁償ではなく、在宅勤務者へ毎月一律に賃金として支払う在宅勤務手当の取扱いはどれか。,revise,complete,,True
q-0160,True,premium.base,支給項目欄,core,mogi-1,"月給は基本給240,000円、役職手当10,000円、扶養人数に応じた家族手当8,000円のみ。1年間における月平均所定労働時間は160時間である。家族手当は法定の除外賃金に該当する。割増賃金の基礎となる1時間当たり賃金はいくらか。50銭未満切捨て・50銭以上切上げとする。",revise,complete,,True
q-0161,True,premium.base,支給項目欄,core,,月によって所定労働時間が異なり、賃金が月給だけで構成される場合、割増賃金の基礎となる1時間当たり賃金の基本式として適切なものはどれか。,revise,complete,,True
q-0162,True,premium.base,支給項目欄,reinforcement,,"月ごとの所定労働時間が異なる月給制の労働者について、1年間の所定労働時間が1,920時間である。割増賃金の時間単価を計算するときに用いる、1か月平均所定労働時間は何時間か。",revise,complete,構造化計算未登録,True
q-0163,True,premium.base,,reinforcement,,割増賃金の算定基礎から除外できる賃金だけで構成された組合せはどれか。,retire,retired,,退役：公開対象外
q-0164,True,premium.base,,reinforcement,,割増賃金の算定基礎から除外できる家族手当の支給方法として適切なものはどれか。,retire,retired,,退役：公開対象外
q-0165,True,premium.base,,reinforcement,,扶養家族の有無や人数にかかわらず、全労働者へ一律に支給する家族手当の取扱いはどれか。,retire,retired,,退役：公開対象外
q-0166,True,premium.base,,reinforcement,,割増賃金の算定基礎から除外できる通勤手当の支給方法として適切なものはどれか。,retire,retired,,退役：公開対象外
q-0167,True,premium.base,,reinforcement,,通勤距離や通勤費に関係なく、全労働者へ同額を支給する通勤手当の取扱いはどれか。,retire,retired,,退役：公開対象外
q-0168,True,premium.base,,reinforcement,,割増賃金の算定基礎から除外できる住宅手当の支給方法として適切なものはどれか。,retire,retired,,退役：公開対象外
q-0169,True,premium.base,,reinforcement,,家族手当、通勤手当、住宅手当を算定基礎から除外できるかを判定する際、重視すべきものはどれか。,retire,retired,,退役：公開対象外
q-0170,True,premium.base,,reinforcement,,毎月定額で支給される役職手当について、割増賃金の算定基礎上の取扱いはどれか。,retire,retired,,退役：公開対象外
q-0171,True,premium.base,,reinforcement,,所定の出勤成績を満たした月に支給される精皆勤手当について、原則的な取扱いはどれか。,retire,retired,,退役：公開対象外
q-0172,True,premium.base,支給項目欄,reinforcement,,四半期の業績を評価してその都度支給額を決め、3か月ごとに支払う賞与の、割増賃金の算定基礎上の取扱いはどれか。,revise,complete,,True
q-0173,True,premium.base,支給項目欄,reinforcement,,結婚時に一度だけ支給される結婚祝金が労働の対償である賃金に該当する場合、算定基礎上の取扱いはどれか。,revise,complete,,True
q-0174,True,premium.base,,reinforcement,,毎月の業績に応じて支給される業績手当について、原則的な算定基礎上の取扱いはどれか。,retire,retired,,退役：公開対象外
q-0175,True,premium.base,支給項目欄,reinforcement,,在宅勤務に必要な業務費用の計算方法を就業規則等に明示し、合理的・客観的に算出した実費のみを精算する。この金銭の、割増賃金の算定基礎上の取扱いはどれか。,revise,complete,,True
q-0176,True,premium.calculation-base,支給項目欄,core,,割増賃金の算定基礎に、法定上算入する必要がある賃金はどれか。,revise,complete,,True
q-0177,True,premium.calculation-base,支給項目欄,core,mogi-3,"割増賃金の算定基礎を求める。月給は基本給250,000円、役職手当20,000円、住宅費と無関係に全員一律の住宅手当15,000円、扶養人数に応じる家族手当10,000円のみである。算定基礎に含める月額はいくらか。",revise,complete,構造化計算未登録,True
q-0178,True,premium.holiday-deep-night,支給項目欄,core,,法定休日労働が深夜労働にも該当する場合、割増部分の合計最低率はどれか。,revise,complete,,True
q-0179,True,premium.holiday-deep-night,支給項目欄,core,mogi-3,法定休日の13時から23時まで働き、17時から18時は休憩した。実労働の9時間目に当たる22時から23時について、通常賃金に対する割増部分の合計最低率はどれか。,revise,complete,,True
q-0180,True,premium.over-60-hours,支給項目欄,core,,代替休暇を取得しない場合、1か月60時間を超える法定時間外労働が深夜労働にも該当するときの、割増部分の合計最低率はどれか。,revise,complete,,True
q-0181,True,premium.over-60-hours,支給項目欄,core,mogi-3,ある月の法定時間外労働がちょうど60時間で、最後の1時間が深夜だった。代替休暇はない。この最後の1時間の割増部分の最低率はどれか。,revise,complete,構造化計算未登録,True
q-0182,True,premium.overtime-deep-night,支給項目欄,core,,月60時間以内の法定時間外労働が深夜労働にも該当する場合、通常賃金に対する割増部分の合計最低率はどれか。,revise,complete,,True
q-0183,True,premium.overtime-deep-night,支給項目欄,core,mogi-3,"割増賃金の算定基礎となる1時間当たり賃金が1,200円の労働者が、法定時間外かつ深夜に1時間働いた。月60時間超ではない。この1時間分として最低限支払う総額はいくらか。",revise,complete,構造化計算未登録,True
q-0184,True,premium.rates,支給項目欄,core,,深夜労働ではなく、1か月60時間以内の法定時間外労働に適用する割増部分の法定最低率はどれか。,revise,complete,,True
q-0185,True,premium.rates,支給項目欄,reinforcement,,労基法上、原則として25％以上の深夜割増が適用される時間帯はどれか。,revise,complete,,True
q-0186,True,premium.rates,支給項目欄,reinforcement,,深夜時間帯ではない法定休日労働に適用する、割増部分の法定最低率はどれか。,revise,complete,,True
q-0187,True,premium.rates,,core,,月60時間以内の法定時間外労働が深夜に及んだ場合の合計割増率はどれか。,retire,retired,,退役：公開対象外
q-0188,True,premium.rates,,reinforcement,,法定休日労働が深夜に及んだ場合の合計割増率はどれか。,retire,retired,,退役：公開対象外
q-0189,True,premium.rates,,reinforcement,,法定休日に10時間働き、その一部が深夜労働となった場合の割増率の組合せはどれか。,retire,retired,,退役：公開対象外
q-0190,True,premium.rates,支給項目欄,reinforcement,,月60時間超の判定において、法定休日に働いた時間はどのように扱うか。,revise,complete,,True
q-0191,True,premium.rates,支給項目欄,reinforcement,,労基法の時間外割増が適用される労働者について、2026年の月60時間超の50％以上という割増率は、どの企業規模に適用されるか。,revise,complete,,True
q-0192,True,premium.rates,支給項目欄,reinforcement,,1か月の法定時間外労働は65時間だった。深夜労働はなく、代替休暇も取得しない。月60時間超の規定により50％以上の割増が必要になるのは何時間分か。,revise,complete,構造化計算未登録,True
q-0193,True,premium.rates,支給項目欄,reinforcement,,変形制等のない週40時間の事業場で、日曜日が法定休日である。同じ週の月～金に各日8時間働いた者が、法定休日でない所定休日の土曜日の昼間に働いた。月60時間超には達しない。この土曜労働の割増部分の法定最低率はどれか。,revise,complete,構造化計算未登録,True
q-0194,True,premium.rates,,reinforcement,,法定休日労働に時間外割増率を重ねて適用しない理由はどれか。,retire,retired,,退役：公開対象外
q-0195,True,premium.rates,,reinforcement,,法定休日の付与に関する原則として適切なものはどれか。,retire,retired,,退役：公開対象外
q-0196,True,premium.rates,支給項目欄,reinforcement,,深夜ではなく月60時間以内の法定時間外労働について、労使が割増率を20％と定めた場合の取扱いはどれか。,revise,complete,構造化計算未登録,True
q-0197,True,premium.rates,支給項目欄,reinforcement,,労基法上の適用除外がない労働者について、時間外・休日・深夜の割増賃金が適用される雇用形態の範囲として、適切なものはどれか。,revise,complete,,True
q-0198,True,premium.rates,,reinforcement,,36協定を締結して法定時間外労働を行わせた場合の割増賃金の取扱いはどれか。,retire,retired,,退役：公開対象外
q-0199,True,premium.rates,,reinforcement,,法定労働時間を超える通常の時間外労働について、法定最低割増率はどれか。,retire,retired,,退役：公開対象外
q-0200,True,premium.rates,,reinforcement,,1か月の法定時間外労働が60時間を超えた場合、その超えた部分の法定最低割増率はどれか。,retire,retired,,退役：公開対象外
q-0201,True,premium.rates,,reinforcement,,法定休日に行われた昼間の労働について、法定最低割増率はどれか。,retire,retired,,退役：公開対象外
q-0202,True,premium.rates,,reinforcement,,22時から翌日5時までの深夜労働について、法定最低割増率はどれか。,retire,retired,,退役：公開対象外
q-0203,True,premium.rates,,reinforcement,,通常の時間外労働と深夜労働が重なった時間について、法定最低割増率の合計はどれか。,retire,retired,,退役：公開対象外
q-0204,True,premium.rates,,reinforcement,,月60時間を超える時間外労働と深夜労働が重なった時間について、法定最低割増率の合計はどれか。,retire,retired,,退役：公開対象外
q-0205,True,premium.rates,,reinforcement,,法定休日労働と深夜労働が重なった時間について、法定最低割増率の合計はどれか。,retire,retired,,退役：公開対象外
q-0206,True,premium.rates,,reinforcement,,法定休日に8時間を超えて労働した場合の割増率の考え方として適切なものはどれか。,retire,retired,,退役：公開対象外
q-0207,True,premium.rates,,reinforcement,,月60時間を超える時間外労働の判定に用いる時間の集計方法として適切なものはどれか。,retire,retired,,退役：公開対象外
q-0208,True,premium.rates,,reinforcement,,法定休日ではない所定休日に勤務し、その結果として週40時間を超えた部分はどのように扱うか。,retire,retired,,退役：公開対象外
q-0209,True,premium.rates,支給項目欄,reinforcement,,4時30分から5時30分まで勤務した場合、深夜割増の対象となる時間帯はどれか。,revise,complete,構造化計算未登録,True
q-0210,True,premium.rates,支給項目欄,reinforcement,,法定休日ではない日の所定労働が22時から23時に行われた。日・週とも法定労働時間内であり、適用除外はない。この1時間の割増部分の法定最低率として適切なものはどれか。,revise,complete,,True
q-0211,True,premium.rates,支給項目欄,reinforcement,,会社が、深夜ではない月60時間以内の法定時間外労働について、30％の割増率を有効な就業規則で定めた。これを上回る個別合意はない。適用する率の取扱いはどれか。,revise,complete,構造化計算未登録,True
q-0212,True,premium.rates,,reinforcement,,有効な36協定に基づいて時間外労働を行わせた場合、割増賃金はどのように扱うか。,retire,retired,,退役：公開対象外
q-0213,True,premium.rates,,reinforcement,,労働基準法上の管理監督者が深夜労働を行った場合の取扱いとして適切なものはどれか。,retire,retired,,退役：公開対象外
q-0214,True,premium.rates,,reinforcement,,当月の法定時間外労働がちょうど60時間に達した時点での割増率の区分として適切なものはどれか。,retire,retired,,退役：公開対象外
q-0215,True,premium.rates,,reinforcement,,月60時間を超える時間外労働に対する50%以上の割増率について、企業規模による適用関係はどれか。,retire,retired,,退役：公開対象外
q-0216,True,premium.rates,,reinforcement,,1日の所定労働時間が7時間の通常勤務日に8時間勤務した場合、法定時間外割増の取扱いはどれか。,retire,retired,,退役：公開対象外
q-0217,True,premium.rates,支給項目欄,reinforcement,,固定残業手当の額が、実際の法定時間外労働に対する割増賃金額を下回った場合の取扱いはどれか。,revise,complete,,True
q-0218,True,premium.rates,支給項目欄,reinforcement,,月60時間の集計対象となる時間外労働が深夜にも該当する場合、その時間の扱いとして適切なものはどれか。,revise,complete,,True
q-0219,True,premium.rates,,reinforcement,,法定休日労働の対象となる法定休日について、基本的な説明として適切なものはどれか。,retire,retired,,退役：公開対象外
q-0220,True,premium.rates,,reinforcement,,法定休日ではない所定休日に勤務した場合の割増率の判定方法として適切なものはどれか。,retire,retired,,退役：公開対象外
q-0221,True,premium.rates,,reinforcement,,適法な休日の振替の基本的な処理として適切なものはどれか。,retire,retired,,退役：公開対象外
q-0222,True,premium.rates,,reinforcement,,法定休日に勤務させた後、事後に代休を与えた場合の休日割増の取扱いはどれか。,retire,retired,,退役：公開対象外
q-0223,True,premium.rounding,支給項目欄,reinforcement,,1か月における時間外労働時間数の合計に1時間未満の端数が生じた場合、認められる処理はどれか。,revise,complete,,True
q-0224,True,premium.rounding,支給項目欄,core,,割増賃金計算で月合計の1時間未満の端数を処理する場合、時間外・法定休日・深夜の時間はどう集計するか。,revise,complete,,True
q-0225,True,premium.rounding,,reinforcement,,月間合計時間にちょうど30分の端数が生じた場合、認められる取扱いはどれか。,retire,retired,,退役：公開対象外
q-0226,True,premium.rounding,,reinforcement,,毎日の時間外労働について、15分未満を一律に切り捨てる処理の評価はどれか。,retire,retired,,退役：公開対象外
q-0227,True,premium.time-unit,支給項目欄,core,mogi-1,"割増賃金の算定基礎となる時給が1,000円の労働者が、法定休日の深夜に1時間働いた。休日割増35％、深夜割増25％、端数なしの場合、この1時間に支払う賃金総額はいくらか。",revise,complete,,True
q-0228,True,premium.rounding,支給項目欄,core,mogi-2,"割増賃金の算定基礎となる時給は1,200円。1か月の法定時間外労働の合計が10時間29分で、深夜・休日労働はない。月合計の1時間未満について30分未満切捨て・30分以上切上げを採用し、割増率25％とする。この時間外労働に支払う賃金総額はいくらか。",revise,complete,,True
q-0229,True,premium.rounding,支給項目欄,core,mogi-3,"賃金は月給のみで、月ごとの所定労働時間は異なる。割増賃金の算定基礎となる月額賃金が240,880円、月平均所定労働時間が160時間である。1時間当たり賃金について50銭未満切捨て・50銭以上切上げを採用する場合、その単価はいくらか。",revise,complete,,True
q-0230,True,premium.rounding,支給項目欄,reinforcement,,1か月における時間外割増賃金の総額に1円未満の端数が生じた場合、認められる端数処理はどれか。,revise,complete,,True
q-0231,True,premium.rounding,,reinforcement,,1か月の時間外労働、休日労働および深夜労働の時間数に1時間未満の端数がある場合、認められる集計方法はどれか。,retire,retired,,退役：公開対象外
q-0232,True,premium.rounding,支給項目欄,core,,毎日の時間外労働に13分の端数が生じる場合、労働時間の把握方法として適切なものはどれか。,revise,complete,,True
q-0233,True,premium.time-unit,支給項目欄,core,mogi-2,"割増賃金の算定基礎となる時給が1,200円の労働者が法定時間外労働を2時間行った。割増率は25%、端数は生じないものとすると、この2時間に支払う賃金総額はいくらか。",revise,complete,,True
q-0234,True,premium.time-unit,,core,,月給制労働者の1時間当たりの賃金額を求める基本式はどれか。除外可能な手当は月給から除くものとする。,retire,retired,,退役：公開対象外
q-0235,True,premium.time-unit,,reinforcement,,1か月平均所定労働時間数を求める方法として適切なものはどれか。,retire,retired,,退役：公開対象外
q-0236,True,premium.time-unit,支給項目欄,core,,"割増賃金の算定基礎となる1時間単価は1,000円。月60時間を超える法定時間外労働のうち、深夜に2時間勤務した。代替休暇は取得せず、法定最低割増率を適用し、端数処理はない。この2時間について通常賃金部分を含めて支払う額はどれか。",revise,complete,構造化計算未登録,True
q-0237,True,wage.absence-proration,支給項目欄,core,,私用の欠勤で労務を提供しておらず、年休や会社都合の休業ではない。欠勤中も賃金を支払う特約はない。この欠勤時間の賃金について、ノーワーク・ノーペイの原則を表すものはどれか。,revise,complete,,True
q-0238,True,wage.absence-proration,支給項目欄,reinforcement,,遅刻・早退に対する単なる賃金控除として、原則的に控除できる範囲はどれか。,revise,complete,,True
q-0239,True,wage.absence-proration,支給項目欄,reinforcement,,月給者の欠勤・遅刻・早退控除の算式を定める際の基本的な根拠はどれか。,revise,complete,,True
q-0240,True,wage.absence-proration,支給項目欄,reinforcement,,賃金規程では、1日欠勤は「規程の1日単価×欠勤日数」、遅刻・早退は「規程の1時間単価×不就労時間数」で控除する。この規程の計算単位の組合せはどれか。,revise,complete,構造化計算未登録,True
q-0241,True,wage.absence-proration,支給項目欄,reinforcement,,月の途中で入社した月給者について、日割計算を行う場合の基本的な取扱いはどれか。,revise,complete,,True
q-0242,True,wage.absence-proration,支給項目欄,reinforcement,,賃金規程は、途中入社月の月給を所定労働日数の割合で支給すると定めている。入社日以後の所定労働日はすべて勤務し、他の増減額はない。月全体の所定労働日数を分母とする場合、分子に用いるものはどれか。,revise,complete,,True
q-0243,True,wage.absence-proration,支給項目欄,core,,"就業規則で遅刻控除を実際の不就労時間により行うと定めている。控除用の時間単価は1,200円、遅刻は2時間、端数処理はない。この場合の控除額はどれか。",revise,complete,構造化計算未登録,True
q-0244,True,wage.absence-proration,,reinforcement,,欠勤、遅刻または早退により労働しなかった時間の賃金について、ノーワークノーペイの考え方はどれか。,retire,retired,,退役：公開対象外
q-0245,True,wage.absence-proration,支給項目欄,reinforcement,,10分の遅刻に対し、実際の不就労時間分を超えて1時間分の賃金を減額する場合の考え方はどれか。,revise,complete,構造化計算未登録,True
q-0246,True,wage.absence-proration,支給項目欄,core,mogi-3,"月給（基本給のみ）200,000円、月平均所定労働時間160時間。私用で1時間45分遅刻した。有給扱いの特約・年休利用はない。就業規則は「遅刻控除＝基本給÷月平均所定労働時間×不就労時間。途中は丸めず、控除の最終金額の1円未満を切り捨てる」と定めている。今回の不就労分控除はいくらか。",revise,complete,,True
q-0247,True,wage.absence-proration,,reinforcement,,賃金計算期間の途中で入社または退職した月の月給について、日割計算を行う場合の取扱いはどれか。,retire,retired,,退役：公開対象外
q-0248,True,commute.car-distance-limit,支給項目欄,core,,2026年4月分の通勤手当について、マイカーだけで片道12kmを通勤し、有料道路の利用や駐車場等の料金加算がない場合の、1か月当たり非課税限度額はどれか。,revise,complete,構造化計算未登録,True
q-0249,True,commute.car-distance-limit,支給項目欄,core,mogi-1,"2026年4月分として、片道12kmのマイカー通勤者に月10,000円を支給した。非課税限度額を7,300円とすると、課税通勤手当はいくらか。",revise,complete,構造化計算未登録,True
q-0250,True,commute.car-under-2km,支給項目欄,core,,2026年4月分として、マイカーだけで片道1.5kmを通勤する者に通勤手当を支給する。障害により交通機関を利用できないなどの特殊事情による取扱いはない。所得税上の扱いはどれか。,revise,complete,,True
q-0251,True,commute.car-under-2km,支給項目欄,core,mogi-1,"2026年4月分として、片道ちょうど2.0kmを自転車だけで通勤する従業員に月3,000円を支給した。他の通勤費や駐車場等の加算はない。所得税上の課税額はいくらか。",revise,complete,構造化計算未登録,True
q-0252,True,commute.public-transport-limit,支給項目欄,core,,交通機関利用者の合理的な運賃等に係る通勤手当の1か月当たり所得税非課税の最高限度額はどれか。,revise,complete,,True
q-0253,True,commute.public-transport-limit,支給項目欄,core,mogi-1,"合理的な運賃等として認められる公共交通機関の通勤手当を月160,000円支給した。所得税上の課税額はいくらか。",revise,complete,構造化計算未登録,True
q-0254,True,commute.tax-vs-social-insurance,支給項目欄,core,,所得税上非課税となる通勤手当と社会保険の標準報酬月額との関係として正しいものはどれか。,revise,complete,,True
q-0255,True,commute.tax-vs-social-insurance,支給項目欄,core,mogi-1,"会社が通勤用の6か月定期券（60,000円）を従業員へ支給した。所得税では全額非課税となる条件を満たし、他の通勤手当はない。この定期券の社会保険上の報酬への算入はどれか。",revise,complete,,True
q-0256,True,payroll.absence-vs-disciplinary-reduction,給与計算とは,core,mogi-1,月給者が私傷病で1日欠勤した。年次有給休暇ではなく、その欠勤を有給とする特約もない。就業規則の合理的な計算式により、その不就労分だけを控除した。この控除について適切なものはどれか。,revise,complete,,True
q-0257,True,payroll.absence-vs-disciplinary-reduction,給与計算とは,core,mogi-3,就業規則で懲戒として減給を定める場合、労基法上の限度として正しいものはどれか。,revise,complete,,True
q-0258,True,payroll.annual-workflow,給与計算とは,core,mogi-3,当月の確定した勤怠に基づいて時間外手当と欠勤控除を計算し、検算してから賃金を支払う会社で、通常の月次処理の順序として適切なものはどれか。,revise,complete,,True
q-0259,True,payroll.annual-workflow,給与計算とは,core,mogi-1,2026年度の通常の年間業務について、給与からの住民税の新年度税額への切替、労働保険の年度更新、社会保険の算定基礎届の提出の時期を正しく組み合わせたものはどれか。,revise,complete,,True
q-0260,True,payroll.annual-workflow,給与計算とは,core,,社会保険の定時決定の目的として適切なものはどれか。,revise,complete,,True
q-0261,True,payroll.mynumber-handling,給与計算とは,core,mogi-1,会社が従業員から取得したマイナンバーの利用として適切なものはどれか。,revise,complete,,True
q-0262,True,payroll.mynumber-handling,給与計算とは,core,mogi-3,マイナンバー取扱指針の中小規模事業者向けの特例的な対応方法を用いない会社で、退職者の個人番号関係事務がすべて終了し、書類の法定保存期間等も経過した。適切な対応はどれか。,revise,complete,,True
q-0263,True,payroll.pay-cycle,給与計算とは,core,mogi-3,勤怠の計算期間を「毎月21日から翌月20日まで」、賃金支払日を「その締切日の属する月の末日」とする会社で、8月20日の締切が区切る対象期間はどれか。,revise,complete,構造化計算未登録,True
q-0264,True,payroll.pay-cycle,給与計算とは,core,mogi-1,賃金規程が「月末締め・翌月25日払い。ただし25日が休日なら直前の営業日に支払う」と定めている。翌月25日が日曜日、24日も休日の土曜日で、23日金曜日は営業日だった。適切な支払日はどれか。,revise,complete,構造化計算未登録,True
q-0265,True,payroll.pay-cycle,給与計算とは,core,,「毎月末日締め、翌月25日払い」の意味として適切なものはどれか。,revise,complete,,True
q-0266,True,payroll.payslip,給与計算とは,core,,給与明細を、①労働日数や時間、②基本給や手当の金額、③給与から差し引く税・保険料等の金額に整理した。①②③の区分名を順に示すものはどれか。,revise,complete,,True
q-0267,True,payroll.payslip,給与計算とは,core,,勤怠・支給・控除に分けた給与明細の勤怠区分に記載する項目の組合せとして適切なものはどれか。,revise,complete,,True
q-0268,True,payroll.payslip,給与計算とは,core,mogi-1,勤怠・支給・控除に分けた給与明細の支給区分に記載する項目の組合せとして適切なものはどれか。,revise,complete,,True
q-0269,True,payroll.payslip,給与計算とは,reinforcement,,税・社会保険料に加え、書面による労使協定等の必要な根拠に基づき組合費を天引きしている。勤怠・支給・控除に分けた給与明細の控除区分に記載する組合せはどれか。,revise,complete,,True
q-0270,True,payroll.workflow,給与計算とは,core,,勤怠に応じた手当・欠勤控除がある月例給与で、その月の差引支給額を確定する計算順序はどれか。,revise,complete,,True
q-0271,True,payroll.workflow,給与計算とは,core,mogi-2,2026年の通常の定時決定で、対象者の4〜6月の報酬を確認した。算定基礎届の提出と決定された標準報酬月額の適用開始の組合せとして適切なものはどれか。随時改定等はない。,revise,complete,,True
q-0272,True,payroll.workflow,給与計算とは,reinforcement,,給与から毎月特別徴収する個人住民税について、年度途中の退職等がない通常の年度切替として適切なものはどれか。,revise,complete,,True
q-0273,True,payroll.workflow,,core,,一般的な給与明細の基本的な3区分として適切なものはどれか。,retire,retired,,退役：公開対象外
q-0274,True,payroll.workflow,給与計算とは,reinforcement,,給与明細における差引支給額の基本構造として適切なものはどれか。,revise,complete,,True
q-0275,True,payroll.workflow,給与計算とは,core,mogi-3,20日締め・当月末日払いと定める会社で、勤怠集計の担当者が変わった。締切と支払について適切な引継ぎはどれか。,revise,complete,,True
q-0276,True,wage.average,支給項目欄,core,,雇入れから3か月以上経過した月給者について、除外期間・除外賃金や特別な算定がない場合の、労基法上の平均賃金の原則式はどれか。,revise,complete,,True
q-0277,True,wage.average,,reinforcement,,平均賃金の原則計算で用いる分母として適切なものはどれか。,retire,retired,,退役：公開対象外
q-0278,True,wage.average,支給項目欄,reinforcement,,毎月20日が賃金締切日で、9月20日に平均賃金の算定事由が発生した。雇入れから3か月以上経過し、除外期間等はない。算定期間として適切なものはどれか。,revise,complete,構造化計算未登録,True
q-0279,True,wage.average,支給項目欄,reinforcement,,7月10日に雇い入れ、賃金締切日が毎月末日の労働者について、9月4日に平均賃金の算定事由が生じた。試用期間その他の除外期間はない。算定期間として適切なものはどれか。,revise,complete,構造化計算未登録,True
q-0280,True,wage.average,支給項目欄,core,mogi-2,平均賃金の通常の算定期間の一部に次の休業等がある。労基法12条3項により、その日数と期間中の賃金をともに除外するものはどれか。,revise,complete,,True
q-0281,True,wage.average,支給項目欄,reinforcement,,平均賃金の賃金総額から原則として除外されるものはどれか。,revise,complete,,True
q-0282,True,wage.average,支給項目欄,core,,賃金の全部が日給制、時間給制または出来高払制である場合の最低保障として適切なものはどれか。,revise,complete,,True
q-0283,True,wage.average,支給項目欄,reinforcement,,"賃金が全額月給で定められた労働者で、平均賃金の算定除外期間等はない。算定期間の暦日数90日、算入する賃金総額900,000円である場合の平均賃金はいくらか。",revise,complete,構造化計算未登録,True
q-0284,True,wage.average-leave-allowance,支給項目欄,core,,使用者の責めに帰すべき事由で所定労働日を丸1日休業させた。労基法26条が義務づける休業手当の最低水準を示すものはどれか。,revise,complete,,True
q-0285,True,wage.average,支給項目欄,core,mogi-3,所定労働日に働ける労働者について、労基法26条の「使用者の責めに帰すべき事由」による休業に当たるものはどれか。,revise,complete,,True
q-0286,True,wage.average-leave-allowance,,core,,平均賃金の原則的な算定方法として適切なものはどれか。,retire,retired,,退役：公開対象外
q-0287,True,wage.average-leave-allowance,,core,,平均賃金の最低保障について適切なものはどれか。,retire,retired,,退役：公開対象外
q-0288,True,wage.average-leave-allowance,支給項目欄,core,mogi-2,"平均賃金が1日10,000円の労働者を、使用者の責めに帰すべき事由により所定労働日の一部だけ休業させた。その日に働いた分の賃金は4,000円である。労基法26条の最低水準を満たすため、追加で必要な休業手当はいくらか。",revise,complete,構造化計算未登録,True
q-0289,True,wage.definition,給与計算担当者が知っておきたい法律,reinforcement,,労働の対償として年2回支給される賞与について、労基法上の賃金性と、平均賃金の算定基礎への算入の組合せはどれか。,revise,complete,,True
q-0290,True,wage.definition,,reinforcement,,各種手当が労働基準法上の賃金に該当するかを判断する基準として適切なものはどれか。,retire,retired,,退役：公開対象外
q-0291,True,wage.definition,給与計算担当者が知っておきたい法律,core,,従業員が立て替えた業務経費を実額で精算する場合の取扱いとして適切なものはどれか。,revise,complete,,True
q-0292,True,wage.definition,給与計算担当者が知っておきたい法律,core,mogi-2,同じ「出張手当」という名称で、甲には出張の有無と関係なく毎月定額を給与として支給し、乙には領収書により業務出張の交通費・宿泊費の実額だけを精算する。労基法上の賃金性として適切なものはどれか。,revise,complete,,True
q-0293,True,wage.definition,,reinforcement,,使用者が任意に支給する恩恵的な見舞金の取扱いとして適切なものはどれか。,retire,retired,,退役：公開対象外
q-0294,True,wage.definition,給与計算担当者が知っておきたい法律,reinforcement,,慶弔見舞金が労働基準法上の賃金となり得る場合はどれか。,revise,complete,,True
q-0295,True,wage.definition,給与計算担当者が知っておきたい法律,core,,労働基準法第11条の賃金の定義として適切なものはどれか。,revise,complete,,True
q-0296,True,wage.definition,,reinforcement,,労働基準法上の賃金該当性を判断する方法として適切なものはどれか。,retire,retired,,退役：公開対象外
q-0297,True,wage.definition,給与計算担当者が知っておきたい法律,reinforcement,,労働基準法上の賃金に該当するものはどれか。,revise,complete,,True
q-0298,True,wage.definition,給与計算担当者が知っておきたい法律,reinforcement,,支給条件の定めや確立した慣行がない結婚祝金の取扱いとして適切なものはどれか。,revise,complete,,True
q-0299,True,wage.definition,給与計算担当者が知っておきたい法律,core,mogi-3,実費弁償として扱われ、通常は賃金に該当しないものはどれか。,revise,complete,,True
q-0300,True,wage.definition,給与計算担当者が知っておきたい法律,reinforcement,,労働者への給付のうち、通常は賃金に該当しないものはどれか。,revise,complete,,True
q-0301,True,wage.definition,,reinforcement,,労働の対償として賃金に該当するものはどれか。,retire,retired,,退役：公開対象外
q-0302,True,wage.digital,給与計算担当者が知っておきたい法律,reinforcement,,指定資金移動業者の口座への賃金支払を認める制度が施行された年月はどれか。実際の業者指定や各社の導入開始とは区別する。,revise,complete,,True
q-0303,True,wage.digital,給与計算担当者が知っておきたい法律,core,mogi-2,事業場の労使協定と本人の同意など、他の必要手続を満たすものとする。賃金のデジタル払いに利用する業者として、制度上の指定要件を満たすものはどれか。,revise,complete,,True
q-0304,True,wage.digital,給与計算担当者が知っておきたい法律,core,,事業場で賃金のデジタル払いを実施する手続として適切なものはどれか。,revise,complete,,True
q-0305,True,wage.digital,給与計算担当者が知っておきたい法律,core,,賃金のデジタル払いを導入した事業場での労働者の選択について適切なものはどれか。,revise,complete,,True
q-0306,True,wage.minimum,,core,,最低賃金制度における最低賃金の種類として適切なものはどれか。,retire,retired,,退役：公開対象外
q-0307,True,wage.minimum,給与計算担当者が知っておきたい法律,core,,地域別最低賃金と特定最低賃金の区別として適切なものはどれか。,revise,complete,,True
q-0308,True,wage.minimum,給与計算担当者が知っておきたい法律,core,,地域別最低賃金と特定最低賃金の両方が適用される場合の取扱いはどれか。,revise,complete,,True
q-0309,True,wage.minimum,給与計算担当者が知っておきたい法律,reinforcement,,最低賃金額以上であるかを比較するとき、対象賃金から除外される手当はどれか。,revise,complete,,True
q-0310,True,wage.payment-deductions,給与計算担当者が知っておきたい法律,core,,賃金支払5原則の内容をまとめた説明として適切なものはどれか。,revise,complete,,True
q-0311,True,wage.payment-deductions,給与計算担当者が知っておきたい法律,core,mogi-2,賃金の通貨払の原則の趣旨として適切なものはどれか。,revise,complete,,True
q-0312,True,wage.payment-deductions,給与計算担当者が知っておきたい法律,reinforcement,,事業場の口座振込に必要な労使協定等は整っている。銀行口座への賃金振込における、本人の意思と口座名義の扱いとして適切なものはどれか。,revise,complete,,True
q-0313,True,wage.payment-deductions,,reinforcement,,賃金の直接払の原則の内容として適切なものはどれか。,retire,retired,,退役：公開対象外
q-0314,True,wage.payment-deductions,,reinforcement,,賃金を銀行口座へ振り込む場合の口座名義について適切なものはどれか。,retire,retired,,退役：公開対象外
q-0315,True,wage.payment-deductions,給与計算担当者が知っておきたい法律,reinforcement,,賃金の全額払の原則の内容として適切なものはどれか。,revise,complete,,True
q-0316,True,wage.payment-deductions,給与計算担当者が知っておきたい法律,core,mogi-3,全額払の原則に対する法令上の控除の説明として適切なものはどれか。,revise,complete,,True
q-0317,True,wage.payment-deductions,給与計算担当者が知っておきたい法律,reinforcement,,労働契約等により本人が負担することとなっている社宅費を、賃金から協定控除する場合に必要な根拠はどれか。,revise,complete,,True
q-0318,True,wage.payment-deductions,,reinforcement,,給与から控除する組合費の位置付けとして適切なものはどれか。,retire,retired,,退役：公開対象外
q-0319,True,wage.payment-deductions,給与計算担当者が知っておきたい法律,core,,協会けんぽに加入する国内居住の被保険者について、健康保険料と合わせて納める介護保険の第2号被保険者の原則的な年齢範囲はどれか。適用除外施設への入所等はない。,revise,complete,,True
q-0320,True,wage.payment-deductions,,reinforcement,,給与から控除する所得税と住民税の位置付けとして適切なものはどれか。,retire,retired,,退役：公開対象外
q-0321,True,wage.payment-deductions,,reinforcement,,賃金支払の5原則を正しく示したものはどれか。,retire,retired,,退役：公開対象外
q-0322,True,wage.payment-deductions,給与計算担当者が知っておきたい法律,reinforcement,,次のうち、通貨払の原則とその例外に照らして認められない方法はどれか。選択肢に示す根拠以外に、通貨以外の支払を認める法令等の特別な根拠はない。,revise,complete,,True
q-0323,True,wage.payment-deductions,給与計算担当者が知っておきたい法律,core,,賃金を本人へ直接支払う原則に反するものはどれか。各口座への支払は、事業場の協定・本人の同意等の必要手続を満たしている。,revise,complete,,True
q-0324,True,wage.payment-deductions,給与計算担当者が知っておきたい法律,core,,全額払の原則において、労使協定がなくても行える控除はどれか。,revise,complete,,True
q-0325,True,wage.payment-deductions,給与計算担当者が知っておきたい法律,reinforcement,,毎月1回以上払の原則について適切なものはどれか。,revise,complete,,True
q-0326,True,wage.payment-deductions,給与計算担当者が知っておきたい法律,core,,通常賃金の支払期日の定め方として、一定期日払を満たすものはどれか。,revise,complete,,True
q-0327,True,wage.payment-deductions,,reinforcement,,銀行口座振込による賃金支払いの方法として適切なものはどれか。,retire,retired,,退役：公開対象外
q-0328,True,wage.payment-deductions,,core,,賃金のデジタル払いについて適切なものはどれか。,retire,retired,,退役：公開対象外
q-0329,True,wage.payment-deductions,,reinforcement,,使用者が賃金のデジタル払いを実施するための手続として適切なものはどれか。,retire,retired,,退役：公開対象外
q-0330,True,wage.payment-deductions,給与計算担当者が知っておきたい法律,reinforcement,,法令による控除と労使協定による協定控除の区別として適切なものはどれか。,revise,complete,,True
q-0331,True,wage.payment-deductions,,reinforcement,,賃金控除に関する労使協定を根拠として控除する項目の組合せはどれか。,retire,retired,,退役：公開対象外
q-0332,True,wage.payment-deductions,給与計算担当者が知っておきたい法律,reinforcement,,給与からの法定控除に当たる項目だけを含む組合せはどれか。保険料は加入要件を満たす労働者の本人負担分とし、列挙したもの以外にも法定控除はある。,revise,complete,,True
q-0333,True,wage.payment-deductions,給与計算担当者が知っておきたい法律,core,,給与明細で労災保険料を処理する際、労働者負担分の控除として正しいものはどれか。,revise,complete,,True
q-0334,True,wage.piecework,給与計算担当者が知っておきたい法律,core,,出来高払制その他の請負制で使用する労働者に対する保障給として適切なものはどれか。,revise,complete,,True
q-0335,True,wage.records,給与計算担当者が知っておきたい法律,core,,4月1日～30日の労働時間を記録したタイムカードは4月30日に完結し、この記録に対応する賃金の所定支払期日は5月25日である。労基法上の保存期間の起算日はどれか。,revise,complete,構造化計算未登録,True
q-0336,True,wage.records,給与計算担当者が知っておきたい法律,core,,賃金台帳を記入する時期として適切なものはどれか。,revise,complete,,True
q-0337,True,wage.records,給与計算担当者が知っておきたい法律,core,mogi-2,日々雇入れの例外に該当しない一般の常用労働者について、賃金台帳の法定記載事項だけを含む組合せはどれか。,revise,complete,,True
q-0338,True,wage.records,給与計算担当者が知っておきたい法律,reinforcement,,労働時間適正把握ガイドラインの対象で、みなし労働時間制等の例外に該当しない労働者について、出勤簿やタイムカードなどに記録すべき基本情報はどれか。,revise,complete,,True
q-0339,True,wage.records,給与計算担当者が知っておきたい法律,core,,2026年9月1日時点の賃金台帳や出勤簿等の保存期間に関する説明として適切なものはどれか。,revise,complete,,True
q-0340,True,wage.rounding,給与計算担当者が知っておきたい法律,core,mogi-2,日ごとの労働時間が分単位で記録されている。賃金計算のための端数処理として適切なものはどれか。,revise,complete,,True
q-0341,True,wage.rounding,給与計算担当者が知っておきたい法律,core,,昭和63年3月14日基発150号で、事務簡便のため賃金不払の法違反として扱わないとされる、月合計の時間数の端数処理に一致するものはどれか。,revise,complete,,True
q-0342,True,wage.schedule-emergency,,reinforcement,,賞与に対する毎月1回以上払と一定期日払の適用について適切なものはどれか。,retire,retired,,退役：公開対象外
q-0343,True,wage.schedule-emergency,,core,,賃金の一定期日払の原則を満たす支払日の定め方はどれか。,retire,retired,,退役：公開対象外
q-0344,True,wage.schedule-emergency,給与計算担当者が知っておきたい法律,core,mogi-3,賃金支払日を「毎月末日」と定める場合の取扱いとして適切なものはどれか。,revise,complete,,True
q-0345,True,wage.schedule-emergency,,reinforcement,,年俸制を採用している労働者への賃金支払について適切なものはどれか。,retire,retired,,退役：公開対象外
q-0346,True,wage.schedule-emergency,,reinforcement,,非常時払を請求できる事情として適切なものはどれか。,retire,retired,,退役：公開対象外
q-0347,True,wage.schedule-emergency,給与計算担当者が知っておきたい法律,core,,労働基準法上の非常時払について適切なものはどれか。,revise,complete,,True
q-0348,True,exam.scope,試験案内（章外）,core,,給与計算実務能力検定2級の公式な位置づけとして適切なものはどれか。,revise,complete,,True
q-0349,True,tax.dependents,控除項目欄,core,,居住者の給与について月額表の甲欄を使うものとする。2026年9月の給与の月次源泉徴収で、障害者等による加算前の扶養親族等の数に含める基本対象はどれか。申告書へ適正に記載されているものとする。,revise,complete,,True
q-0350,True,tax.dependents,控除項目欄,core,mogi-1,居住者の給与について月額表の甲欄を使うものとする。2026年9月の月次源泉徴収で、年末時点でも16歳未満の扶養親族を数える場合の取扱いはどれか。この親族は障害者に該当せず、他の人との重複申告もない。,revise,complete,,True
q-0351,True,tax.dependents,控除項目欄,core,,居住者の給与について月額表の甲欄を使うものとする。2026年9月の月次源泉徴収。本人の年間所得見積額は900万円、同一生計の配偶者は95万円で、配偶者は事業専従者ではない。いずれも居住者で、他の所得・障害者等の加算・相互申告はなく、申告書を適正に提出済み。この配偶者を基本人数にどう数えるか。,revise,complete,構造化計算未登録,True
q-0352,True,tax.dependents,控除項目欄,reinforcement,,居住者の給与について月額表の甲欄を使うものとする。2026年9月の月次源泉徴収で用いる、控除対象扶養親族の基本的な説明として適切なものはどれか。,revise,complete,,True
q-0353,True,tax.dependents,控除項目欄,reinforcement,,居住者の給与について月額表の甲欄を使うものとする。2026年9月の月次源泉徴収。年末時点14歳で所得のない同一生計の子（居住者）が、一般の障害者に該当する。申告書等の必要手続は満たし、他者との重複申告はない。この子について障害者分として加算する人数はどれか。,revise,complete,,True
q-0354,True,tax.dependents,控除項目欄,reinforcement,,居住者の給与について月額表の甲欄を使うものとする。2026年9月の月次源泉徴収で、給与所得者本人が特別障害者に該当する。申告書等の必要手続を満たす場合、本人の障害者該当による加算は何人分か。他の加算は考えない。,revise,complete,,True
q-0355,True,tax.dependents,控除項目欄,reinforcement,,居住者の給与について月額表の甲欄を使うものとする。2026年9月の月次源泉徴収。年末時点14歳で所得のない同一生計の子（居住者）が、同居特別障害者に該当する。申告書等の必要手続は満たし、他者との重複申告はない。この子について障害者等の加算として追加する人数はどれか。,revise,complete,,True
q-0356,True,tax.dependents,控除項目欄,reinforcement,,年の途中で扶養親族の状況に異動が生じた場合の手続として適切なものはどれか。,revise,complete,,True
q-0357,True,tax.dependents,控除項目欄,reinforcement,,居住者に毎月支払う通常給与について、勤務先へ扶養控除等（異動）申告書を適正に提出している。扶養の基本人数も障害者等の加算も0人の場合、使用する税額表の区分はどれか。,revise,complete,,True
q-0358,True,tax.dependents,控除項目欄,reinforcement,,居住者に毎月支払う通常給与で、扶養控除等申告書の提出がない。月額表のどの欄を使い、扶養人数をどう扱うか。従たる給与の特例は考えない。,revise,complete,,True
q-0359,True,tax.income-nontaxable,控除項目欄,core,,所得税の原則的な納税方式である申告納税方式の説明として適切なものはどれか。,revise,complete,,True
q-0360,True,tax.income-nontaxable,控除項目欄,reinforcement,,給与所得に該当するものとして適切なものはどれか。,revise,complete,,True
q-0361,True,tax.income-nontaxable,控除項目欄,reinforcement,,使用者から受ける現物給付の所得区分について適切なものはどれか。,revise,complete,,True
q-0362,True,tax.income-nontaxable,,reinforcement,,公共交通機関を利用する通勤者への通勤手当について適切なものはどれか。,retire,retired,,退役：公開対象外
q-0363,True,tax.income-nontaxable,控除項目欄,core,mogi-1,従業員に支給する出張旅費の所得税上の取扱いとして適切なものはどれか。,revise,complete,,True
q-0364,True,tax.resident,控除項目欄,core,,所得割・均等割・森林環境税のいずれにも非課税等の措置が適用されない従業員について、給与から特別徴収する住民税等の構成として適切なものはどれか。,revise,complete,,True
q-0365,True,tax.resident,,reinforcement,,森林環境税の税目と徴収方法について適切なものはどれか。,retire,retired,,退役：公開対象外
q-0366,True,tax.resident,控除項目欄,reinforcement,,給与所得者の個人住民税を特別徴収する場合、年度当初の税額通知の流れとして適切なものはどれか。,revise,complete,,True
q-0367,True,tax.resident,,reinforcement,,個人住民税の特別徴収における通常の控除期間として適切なものはどれか。,retire,retired,,退役：公開対象外
q-0368,True,tax.resident,控除項目欄,reinforcement,,納期の特例を受けていない会社が、給与から特別徴収した個人住民税の原則的な納入期限はいつか。休日による期限延長は考えない。,revise,complete,,True
q-0369,True,tax.resident,控除項目欄,core,,6月から翌年5月まで通常の12回で特別徴収する年税額を月割りし、100円未満の端数が生じた。その端数をまとめて加えるのはどの月分か。途中開始・税額変更・少額年税額の一括徴収はない。,revise,complete,,True
q-0370,True,tax.resident,控除項目欄,reinforcement,,6月1日から12月31日までに退職し、新勤務先で特別徴収を継続しない。死亡・出国ではなく、一括徴収を希望する場合には残税額を引ける給与等がある。残る住民税の取扱いはどれか。,revise,complete,構造化計算未登録,True
q-0371,True,tax.resident,控除項目欄,reinforcement,,5月中に退職し、当年度の住民税の未徴収分は5月分だけである。5月支給の給与からその全額を控除できる場合、通常の取扱いはどれか。,revise,complete,,True
q-0372,True,tax.resident,控除項目欄,reinforcement,,個人住民税の特別徴収税額に関する納期の特例について適切なものはどれか。,revise,complete,,True
q-0373,True,tax.withholding-table,控除項目欄,core,,給与の源泉徴収税額を求める際、総支給額を確認した後の最初の処理として適切なものはどれか。,revise,complete,,True
q-0374,True,tax.withholding-table,控除項目欄,reinforcement,,総支給額30万円、非課税通勤手当1万円、社会保険料等4万円の場合、税額表に当てはめる金額はいくらか。,revise,complete,構造化計算未登録,True
q-0375,True,tax.withholding-table,控除項目欄,reinforcement,,居住者に支払う給与等について、源泉徴収税額表の月額表を使用する典型的なものはどれか。,revise,complete,,True
q-0376,True,tax.withholding-table,控除項目欄,core,mogi-1,居住者に支払う給与等について、源泉徴収税額表の日額表を使用する典型的なものはどれか。,revise,complete,,True
q-0377,True,tax.withholding-table,控除項目欄,core,,2026年中の給与に係る源泉所得税について、復興特別所得税を含めた合計額の割合として適切なものはどれか。ここでの「所得税額」は復興特別所得税を含める前の金額とする。,revise,complete,,True
q-0378,True,tax.withholding-table,控除項目欄,reinforcement,,居住者が二か所から同時に通常の給与を受ける場合、主たる給与に係る扶養控除等（異動）申告書の提出方法はどれか。従たる給与についての別の申告書の特例は考えない。,revise,complete,,True
q-0379,True,tax.withholding-table,,reinforcement,,主たる勤務先とは別の勤務先から受ける従たる給与について、通常使用する欄はどれか。,retire,retired,,退役：公開対象外
q-0380,True,tax.withholding-table,控除項目欄,reinforcement,,源泉徴収税額表の丙欄が設けられている表について適切なものはどれか。,revise,complete,,True
q-0381,True,tax.withholding-table,控除項目欄,reinforcement,,居住者に支払う給与について、日額表の丙欄を適用する典型例はどれか。,revise,complete,,True
q-0382,True,tax.withholding-table,,reinforcement,,社会保険料等控除後の給与等の金額を求める手順として適切なものはどれか。,retire,retired,,退役：公開対象外
q-0383,True,tax.withholding-table,控除項目欄,core,mogi-2,通勤方法に応じた合理的な運賃等の条件を満たし、全額が法令上非課税となる通勤手当について、源泉徴収税額表へ反映する方法として適切なものはどれか。,revise,complete,,True
q-0384,True,tax.withholding-table,控除項目欄,reinforcement,,半月ごとに支給する通常の給与に使用する税額表として適切なものはどれか。,revise,complete,,True
q-0385,True,tax.withholding-table,,reinforcement,,源泉徴収税額表の日額表に設けられている欄の構成として適切なものはどれか。,retire,retired,,退役：公開対象外
q-0386,True,tax.withholding-table,,reinforcement,,公表されている源泉徴収税額表と復興特別所得税との関係として適切なものはどれか。,retire,retired,,退役：公開対象外
q-0387,True,tax.withholding-table,控除項目欄,reinforcement,,居住者への通常給与（日雇賃金に当たらないもの）について、源泉徴収に用いる表と甲・乙の欄を選ぶために確認する組合せはどれか。,revise,complete,,True
q-0388,True,withholding.declaration-timing,控除項目欄,core,,居住者が主たる勤務先へ提出する給与所得者の扶養控除等申告書について、原則的な提出期限はどれか。,revise,complete,,True
q-0389,True,withholding.declaration-timing,控除項目欄,core,mogi-2,居住者で扶養控除等申告書を提出済みの従業員に、9月10日、申告する扶養親族等の数の異動が生じた。異動後最初の給与支払日は9月25日である。申告書の提出と源泉徴収の対応はどれか。,revise,complete,構造化計算未登録,True
q-0390,True,withholding.table-base,控除項目欄,core,,居住者の月給について、給与明細には非課税通勤手当・本人負担社会保険料等・住民税が記載されている。月額表の金額の行を選ぶために求めるのはどれか。,revise,complete,,True
q-0391,True,withholding.table-base,控除項目欄,core,mogi-2,"居住者の月給で非課税支給はなく、総支給300,000円、本人負担の健康保険・支援金・厚生年金の保険料42,570円、雇用保険料1,500円、住民税12,000円である。月額表に当てる『社会保険料等控除後の給与等の金額』はいくらか。",revise,complete,構造化計算未登録,True
q-0392,True,withholding.table-column,控除項目欄,core,,居住者が主たる勤務先へ扶養控除等申告書を提出した。扶養親族等の数は0人で、通常の月給を受ける。使用する月額表の欄はどれか。,revise,complete,,True
q-0393,True,withholding.table-column,控除項目欄,core,mogi-2,居住者がA社へ主たる給与の扶養控除等申告書を提出し、副業先B社からも通常の月給を受ける。B社へは申告書を提出していない。B社が用いる月額表の欄はどれか。,revise,complete,,True
q-0394,True,bonus.withholding-method,賞与計算のしかた,core,,扶養控除等申告書を提出した居住者への通常の賞与について、源泉徴収税額の求め方はどれか。前月給与の支払があり、社会保険料等控除後の賞与は同控除後の前月給与の10倍以下とする。,revise,complete,,True
q-0395,True,bonus.withholding-method,,core,,賞与を支給するが、前月に普通給与の支払がなかった。源泉所得税について最も適切なものはどれか。,retire,retired,,退役：公開対象外
q-0396,True,exam.scope,試験案内（章外）,core,,給与計算実務能力検定2級で、原則として出題の前提となる法令の基準日はどれか。,revise,complete,,True
q-0397,True,resident-tax.collection-period,控除項目欄,core,,給与からの住民税特別徴収を6月から通常どおり開始し、途中の退職等がない。毎月の所得税の源泉徴収と区別して覚えるべき住民税の徴収期間はどれか。,revise,complete,,True
q-0398,True,resident-tax.collection-period,控除項目欄,core,mogi-3,2026年5月末に2026年度の住民税特別徴収税額通知を受け取った。給与からの特別徴収は継続中で、年度途中の税額変更はない。新年度の通知額へ切り替えるのはいつか。,revise,complete,,True
q-0399,True,resident-tax.notified-amount,控除項目欄,core,,会社は前年分の給与支払報告書を自治体へ提出し、住民税の特別徴収税額通知を受け取った。通知後の月々の給与実務として正しいものはどれか。,revise,complete,,True
q-0400,True,resident-tax.notified-amount,控除項目欄,core,mogi-3,自治体から従業員の住民税特別徴収税額の変更通知が届き、翌月以後の月割額が指定された。翌月の給与担当者の処理として適切なものはどれか。,revise,complete,,True
q-0401,True,tax.dependents,,reinforcement,,2026年分の甲欄で用いる扶養親族等の基本的な数を構成する組合せはどれか。,retire,retired,,退役：公開対象外
q-0402,True,tax.dependents,,reinforcement,,甲欄を用いる給与受給者本人が一般の障害者に該当する場合、扶養親族等の数はどう扱うか。,retire,retired,,退役：公開対象外
q-0403,True,tax.dependents,,reinforcement,,同一生計の16歳未満の扶養親族が一般の障害者に該当する場合、扶養親族等の数はどう扱うか。,retire,retired,,退役：公開対象外
q-0404,True,tax.income-nontaxable,控除項目欄,core,mogi-3,居住者の通常給与について、年間の所得税額と毎月の源泉徴収の関係として適切なものはどれか。,revise,complete,,True
q-0405,True,tax.income-nontaxable,,reinforcement,,所得税法上の給与所得の範囲として適切なものはどれか。,retire,retired,,退役：公開対象外
q-0406,True,tax.income-nontaxable,控除項目欄,reinforcement,,従業員に支給する手当等のうち、原則として課税給与となる組合せはどれか。旅費・通勤手当・祝金・見舞金は、それぞれ法令上の非課税の条件を満たすものとする。,revise,complete,,True
q-0407,True,tax.income-nontaxable,,reinforcement,,公共交通機関を利用する従業員の通勤手当について、非課税となる範囲はどれか。,retire,retired,,退役：公開対象外
q-0408,True,tax.income-nontaxable,控除項目欄,reinforcement,,"公共交通機関の合理的な運賃等として認められる通勤手当が、月150,000円の最高限度額を超えた場合の扱いはどれか。",revise,complete,,True
q-0409,True,tax.income-nontaxable,控除項目欄,reinforcement,,マイカーや自転車で通勤する人について、駐車場加算・有料道路料金等を含める前の、所得税非課税限度額の基礎となる区分は何で判定するか。,revise,complete,,True
q-0410,True,tax.income-nontaxable,,reinforcement,,マイカーだけで通勤する従業員の片道距離が2km未満である場合、通勤手当はどう扱うか。,retire,retired,,退役：公開対象外
q-0411,True,tax.income-nontaxable,控除項目欄,reinforcement,,2026年4月分として同月に支払われるべき通勤手当で、過去分の差額ではない。片道2km以上のマイカー通勤者が勤務先周辺の要件を満たす駐車場を常例として利用し、自ら料金を負担する。有料道路等の併用はない。非課税限度額はどうなるか。,revise,complete,,True
q-0412,True,tax.income-nontaxable,控除項目欄,reinforcement,,会社が職務上の出張のために支給する旅費について、所得税上の非課税を判断する基本条件はどれか。,revise,complete,,True
q-0413,True,tax.income-nontaxable,控除項目欄,core,,会社が従業員に支給する慶弔見舞金が非課税となる場合はどれか。,revise,complete,,True
q-0414,True,tax.resident,,reinforcement,,給与所得に係る住民税の特別徴収を説明したものはどれか。,retire,retired,,退役：公開対象外
q-0415,True,tax.resident,,reinforcement,,給与所得に係る住民税の通常の特別徴収期間はどれか。,retire,retired,,退役：公開対象外
q-0416,True,tax.resident,,reinforcement,,年度当初の特別徴収税額の決定通知について適切なものはどれか。,retire,retired,,退役：公開対象外
q-0417,True,tax.resident,,reinforcement,,給与から控除した住民税の原則的な納期限はいつか。,retire,retired,,退役：公開対象外
q-0418,True,tax.resident,,reinforcement,,住民税の年税額を12回に分けたときの100円未満の端数は、通常どの月に集約されるか。,retire,retired,,退役：公開対象外
q-0419,True,tax.resident,控除項目欄,reinforcement,,2026年度の個人住民税の所得割について、給与等の所得を原則としてどの期間から計算するか。退職所得の現年分離課税は考えない。,revise,complete,,True
q-0420,True,tax.resident,,reinforcement,,個人住民税における賦課課税方式の説明として適切なものはどれか。,retire,retired,,退役：公開対象外
q-0421,True,tax.resident,,reinforcement,,給与から特別徴収される個人住民税等の基本的な内訳はどれか。,retire,retired,,退役：公開対象外
q-0422,True,tax.resident,控除項目欄,reinforcement,,給与所得等の総合課税に係る個人住民税の所得割について、都道府県民税と市区町村民税を合わせた標準税率はどれか。分離課税や自治体独自の超過課税は考えない。,revise,complete,,True
q-0423,True,tax.resident,,reinforcement,,森林環境税の性質について適切なものはどれか。,retire,retired,,退役：公開対象外
q-0424,True,tax.resident,控除項目欄,reinforcement,,2026年1月に提出する2025年分の給与支払報告書は、給与に係る住民税でどのように使われるか。,revise,complete,,True
q-0425,True,tax.resident,控除項目欄,reinforcement,,市区町村から特別徴収税額の変更通知書が届いた場合の対応はどれか。,revise,complete,,True
q-0426,True,tax.resident,控除項目欄,reinforcement,,個人住民税の普通徴収を説明したものはどれか。,revise,complete,,True
q-0427,True,tax.resident,,reinforcement,,再就職先で特別徴収を継続しない従業員が6月1日から12月31日までに退職した場合、未徴収税額は原則としてどう扱うか。,retire,retired,,退役：公開対象外
q-0428,True,tax.resident,,reinforcement,,退職時に住民税の未徴収税額を一括徴収する場合、通常その原資となるものはどれか。,retire,retired,,退役：公開対象外
q-0429,True,tax.resident,控除項目欄,reinforcement,,1月1日から4月30日までに国内で退職し、新勤務先で特別徴収を継続しない。死亡退職ではない場合、残る住民税の徴収はどれか。,revise,complete,構造化計算未登録,True
q-0430,True,tax.resident,控除項目欄,reinforcement,,1月1日から4月30日までの国内の退職で、新勤務先での特別徴収の継続も死亡退職もない。給与等の金額が原因で、一括徴収の義務の例外になるのはどれか。,revise,complete,構造化計算未登録,True
q-0431,True,tax.resident,,reinforcement,,5月分を控除できる給与支給がある従業員が5月に退職する場合、当該年度の残額は通常どう扱うか。,retire,retired,,退役：公開対象外
q-0432,True,tax.resident,控除項目欄,reinforcement,,退職後すぐに新しい勤務先へ転職し、住民税の特別徴収を続ける場合の対応はどれか。,revise,complete,,True
q-0433,True,tax.resident,控除項目欄,reinforcement,,退職などにより従業員から住民税を特別徴収できなくなった場合、給与支払者が行う手続はどれか。,revise,complete,,True
q-0434,True,tax.resident,,reinforcement,,住民税の特別徴収税額について納期の特例を申請できる事業者の人数要件はどれか。,retire,retired,,退役：公開対象外
q-0435,True,tax.resident,,reinforcement,,住民税の納期の特例を利用するために必要な手続はどれか。,retire,retired,,退役：公開対象外
q-0436,True,tax.resident,控除項目欄,reinforcement,,住民税の納期の特例が承認されている会社で、給与から徴収した税額を市区町村へ納める期限の組合せはどれか。休日による期限延長は考えない。,revise,complete,,True
q-0437,True,tax.resident,控除項目欄,reinforcement,,市区町村から住民税の納期の特例の承認を受けた。従業員の毎月の給与から差し引く時期と、市区町村へ納入する時期はどうなるか。,revise,complete,,True
q-0438,True,tax.resident,,reinforcement,,給与に対する所得税と住民税の課税時期の違いとして適切なものはどれか。,retire,retired,,退役：公開対象外
q-0439,True,tax.withholding-table,,reinforcement,,月給から源泉徴収税額を求める基本的な手順として適切なものはどれか。,retire,retired,,退役：公開対象外
q-0440,True,tax.withholding-table,,reinforcement,,給与の源泉徴収計算で、非課税となる通勤手当を最初に除外する理由はどれか。,retire,retired,,退役：公開対象外
q-0441,True,tax.withholding-table,,reinforcement,,税額表で用いる「社会保険料等控除後の給与等の金額」を説明したものはどれか。,retire,retired,,退役：公開対象外
q-0442,True,tax.withholding-table,,reinforcement,,給与所得の源泉徴収税額表について、月額表と日額表を使い分ける基本的な基準はどれか。,retire,retired,,退役：公開対象外
q-0443,True,tax.withholding-table,,reinforcement,,2026年分の給与所得の源泉徴収税額表に記載された税額について適切なものはどれか。,retire,retired,,退役：公開対象外
q-0444,True,tax.withholding-table,,reinforcement,,復興特別所得税が所得税と併せて課される期間はどれか。,retire,retired,,退役：公開対象外
q-0445,True,tax.withholding-table,,reinforcement,,所得税額に102.1%を乗じるという考え方について適切なものはどれか。,retire,retired,,退役：公開対象外
q-0446,True,tax.withholding-table,,reinforcement,,給与所得の源泉徴収税額表で甲欄を使用する従業員はどれか。,retire,retired,,退役：公開対象外
q-0447,True,tax.withholding-table,,reinforcement,,給与所得者の扶養控除等（異動）申告書の提出先について適切なものはどれか。,retire,retired,,退役：公開対象外
q-0448,True,tax.withholding-table,,reinforcement,,給与所得の源泉徴収税額表で乙欄を使用する場合として基本的なものはどれか。,retire,retired,,退役：公開対象外
q-0449,True,tax.withholding-table,,reinforcement,,給与所得の源泉徴収税額表で丙欄の対象となる者はどれか。,retire,retired,,退役：公開対象外
q-0450,True,social.care,給与計算担当者が知っておきたい社会保険制度,reinforcement,,国内に住所があり協会けんぽに加入して働いている人が65歳以上になった。介護保険の被保険者区分と、その介護保険料を徴収する主体はどれか。,revise,complete,,True
q-0451,True,social.health-benefits,給与計算担当者が知っておきたい社会保険制度,core,mogi-3,健康保険の被保険者本人が、業務・通勤に関係のない病気やけがで保険診療を受けた。療養の給付として適切な説明はどれか。,revise,complete,,True
q-0452,True,social.health-benefits,給与計算担当者が知っておきたい社会保険制度,reinforcement,,同一月の医療費の窓口負担が高額になった場合に利用する、高額療養費の説明として適切なものはどれか。,revise,complete,,True
q-0453,True,social.health-benefits,給与計算担当者が知っておきたい社会保険制度,core,,在職中の健康保険の被保険者について、傷病手当金が対象とする休業はどれか。連続3日間の待期を完成した後の休業とする。,revise,complete,,True
q-0454,True,social.health-benefits,給与計算担当者が知っておきたい社会保険制度,reinforcement,,出産手当金と出産育児一時金の役割の区別として、適切なものはどれか。,revise,complete,,True
q-0455,True,social.pension-insured-benefits,給与計算担当者が知っておきたい社会保険制度,core,,厚生年金保険の主要な給付体系の組合せとして、適切なものはどれか。,revise,complete,,True
q-0456,True,social.health-insurers,給与計算担当者が知っておきたい社会保険制度,core,mogi-3,民間会社で健康保険の適用を受ける従業員について、協会けんぽと組合健保の関係として適切なものはどれか。,revise,complete,,True
q-0457,True,social.pension-grade-range,給与計算担当者が知っておきたい社会保険制度,core,mogi-3,2026年9月1日時点の厚生年金保険の標準報酬月額の範囲はどれか。,revise,complete,,True
q-0458,True,social.pension-grade-range,給与計算担当者が知っておきたい社会保険制度,core,mogi-1,2026年9月、1か所の事業所だけに勤務する被保険者の厚生年金の月例保険料を計算する。報酬月額が上限等級の区分に該当する場合、計算の基礎として使う金額はどれか。,revise,complete,,True
q-0459,True,social.pension-insured-benefits,給与計算担当者が知っておきたい社会保険制度,core,mogi-3,適用事業所に常用的に使用され、適用除外に該当しない人が厚生年金保険の被保険者となる年齢の原則はどれか。高齢任意加入は考えない。,revise,complete,,True
q-0460,True,social.health-insurers,給与計算担当者が知っておきたい社会保険制度,core,,国内に住む健康保険の被保険者が75歳となり、後期高齢者医療の被保険者になる場合の取扱いはどれか。,revise,complete,,True
q-0461,True,social.pension-insured-benefits,給与計算担当者が知っておきたい社会保険制度,reinforcement,,国内に住む20歳以上60歳未満の人について、国民年金の第1号から第3号までの被保険者区分の基本的な対応はどれか。第3号の扶養要件を満たす配偶者を想定する。,revise,complete,,True
q-0462,True,social.regular-determination,社会保険の事務手続き,core,,通常の定時決定で使う報酬の対象月と、決定した標準報酬月額の適用開始月はどれか。資格喪失や随時改定等はない。,revise,complete,,True
q-0463,True,social.regular-determination,社会保険の事務手続き,core,mogi-1,通常の定時決定の対象となる一般被保険者（短時間労働者ではない）について、4月と6月は支払基礎日数17日以上、5月だけ16日だった。特別な保険者算定はない場合、どの月で平均するか。,revise,complete,構造化計算未登録,True
q-0464,True,social.remuneration-rates,給与計算担当者が知っておきたい社会保険制度,core,mogi-3,標準報酬月額の説明として、最も適切なものはどれか。,revise,complete,,True
q-0465,True,social.remuneration-rates,給与計算担当者が知っておきたい社会保険制度,reinforcement,,2026年9月1日時点の健康保険の標準報酬月額の等級と範囲はどれか。,revise,complete,,True
q-0466,True,social.remuneration-rates,給与計算担当者が知っておきたい社会保険制度,core,,2026年9月1日時点で報酬が高額な人について、健康保険と厚生年金保険の等級の関係として適切なものはどれか。,revise,complete,,True
q-0467,True,social.remuneration-rates,給与計算担当者が知っておきたい社会保険制度,reinforcement,,標準報酬月額の対象となる報酬として、適切なものはどれか。,revise,complete,,True
q-0468,True,social.remuneration-rates,,reinforcement,,通勤手当の報酬への算入について、適切なものはどれか。,retire,retired,,退役：公開対象外
q-0469,True,social.remuneration-rates,給与計算担当者が知っておきたい社会保険制度,reinforcement,,労働の対償として食事や住宅を継続的に現物支給し、本人からの費用負担は受けない。健康保険・厚生年金の報酬としての扱いはどれか。,revise,complete,,True
q-0470,True,social.remuneration-rates,給与計算担当者が知っておきたい社会保険制度,reinforcement,,標準報酬月額の対象となる報酬から除かれるものはどれか。,revise,complete,,True
q-0471,True,social.remuneration-rates,給与計算担当者が知っておきたい社会保険制度,reinforcement,,労働の対償として年3回支給する賞与（毎月の給与とは別に、3か月を超える期間ごとに支払うもの）の社会保険上の扱いはどれか。,revise,complete,,True
q-0472,True,social.remuneration-rates,給与計算担当者が知っておきたい社会保険制度,reinforcement,,同じ性質の賞与を、規程により通常年4回以上支給している。臨時の追加や分割で一時的に回数が増えた場合を除き、社会保険ではどう扱うか。,revise,complete,,True
q-0473,True,social.remuneration-rates,,reinforcement,,標準報酬月額の定時決定の時期関係として、適切なものはどれか。,retire,retired,,退役：公開対象外
q-0474,True,social.remuneration-rates,給与計算担当者が知っておきたい社会保険制度,reinforcement,,健康保険・厚生年金の随時改定の基本要件として適切なものはどれか。3か月とも必要な支払基礎日数を満たし、固定給と報酬等級の増減方向は同じで、上限・下限の特例等はない。,revise,complete,,True
q-0475,True,social.remuneration-rates,,reinforcement,,厚生年金保険料率の取扱いとして、2026年時点で適切なものはどれか。,retire,retired,,退役：公開対象外
q-0476,True,social.remuneration-rates,給与計算担当者が知っておきたい社会保険制度,reinforcement,,厚生年金保険料率18.3%を原則どおり労使折半した組合せはどれか。,revise,complete,,True
q-0477,True,social.remuneration-rates,,reinforcement,,協会けんぽの健康保険料率の設定単位として、適切なものはどれか。,retire,retired,,退役：公開対象外
q-0478,True,social.remuneration-rates,給与計算担当者が知っておきたい社会保険制度,reinforcement,,協会けんぽの2026年度の健康保険料率は、在職する一般の被保険者について何月分から適用されるか。任意継続・日雇特例は除く。,revise,complete,,True
q-0479,True,social.remuneration-rates,,reinforcement,,協会けんぽの介護保険料率の特徴として、適切なものはどれか。,retire,retired,,退役：公開対象外
q-0480,True,social.remuneration-rates,給与計算担当者が知っておきたい社会保険制度,reinforcement,,2026年度、千葉県に住む従業員が東京都の協会けんぽ適用事業所で働いている。健康保険と介護保険の料率の設定単位、厚生年金の料率の組合せはどれか。,revise,complete,,True
q-0481,True,social.remuneration-rates,給与計算担当者が知っておきたい社会保険制度,reinforcement,,健康保険・厚生年金保険の月例保険料について、労使合計の保険料額を求める基本式はどれか。免除等はない。,revise,complete,,True
q-0482,True,social.remuneration-rates,給与計算担当者が知っておきたい社会保険制度,reinforcement,,協会けんぽと厚生年金に加入する40歳以上65歳未満の一般の被保険者で、介護保険の適用除外等はない。健康・介護・厚生年金の保険料の負担割合はどれか。,revise,complete,,True
q-0483,True,social.remuneration-rates,給与計算担当者が知っておきたい社会保険制度,reinforcement,,事業主と被保険者の間に端数処理の特約がない。給与から健康保険・厚生年金の本人負担分を控除するときの、1円未満の端数処理はどれか。,revise,complete,,True
q-0484,True,social.remuneration-rates,給与計算担当者が知っておきたい社会保険制度,reinforcement,,事業主と被保険者の間に端数処理の特約がない。本人負担の健康保険・厚生年金保険料を被保険者が事業主へ現金で支払うとき、円未満をどう処理するか。,revise,complete,,True
q-0485,True,social.remuneration-rates,給与計算担当者が知っておきたい社会保険制度,reinforcement,,端数処理後の事業主負担分と被保険者負担分の関係として、適切なものはどれか。,revise,complete,,True
q-0486,True,social.remuneration-rates,給与計算担当者が知っておきたい社会保険制度,reinforcement,,健康保険・厚生年金保険の月例保険料を、法律に基づく通常の翌月控除で処理する。退職時の精算でない場合の給与からの控除時期はどれか。,revise,complete,,True
q-0487,True,social.remuneration-rates,給与計算担当者が知っておきたい社会保険制度,reinforcement,,健康保険・厚生年金の資格を月の途中で取得し、そのまま月末まで加入している。保険料免除等がない場合、取得月の保険料はどうなるか。,revise,complete,,True
q-0488,True,social.remuneration-rates,給与計算担当者が知っておきたい社会保険制度,reinforcement,,前月以前から健康保険・厚生年金に加入していた従業員が、月末以外の日に退職した。免除等はなく、通常の翌月控除で前月分は未徴収である。退職月の給与で行う控除はどれか。,revise,complete,,True
q-0489,True,social.remuneration-rates,給与計算担当者が知っておきたい社会保険制度,reinforcement,,前月以前から加入する従業員が月末に退職する。健康保険・厚生年金の免除等はなく、通常の翌月控除で前月分と退職月分は未徴収、最終給与から引き切れる。控除できるのはどれか。,revise,complete,,True
q-0490,True,social.remuneration-rates,給与計算担当者が知っておきたい社会保険制度,reinforcement,,事業主が納付する健康保険料と厚生年金保険料の納付期限は、原則いつか。,revise,complete,,True
q-0491,True,social.remuneration-scope,給与計算担当者が知っておきたい社会保険制度,core,mogi-3,標準報酬月額の基礎となる報酬に通常含まれるものはどれか。,revise,complete,,True
q-0492,True,social.remuneration-scope,給与計算担当者が知っておきたい社会保険制度,core,mogi-1,2026年9月1日時点、会社が労働の対償として従業員へ社宅を継続的に提供し、本人から家賃の一部を徴収している。社会保険の報酬として適切な扱いはどれか。,revise,complete,,True
q-0493,True,social.short-worker,給与計算担当者が知っておきたい社会保険制度,core,mogi-3,同じ適用事業所の通常の労働者は週所定40時間・月所定20日である。同様の業務に就くAさんは週32時間・月12日、Bさんは週30時間・月15日。年齢等による適用除外はない。健康保険・厚生年金の「4分の3基準」を満たす人はどれか。適用拡大による別の加入要件はここでは判定しない。,revise,complete,構造化計算未登録,True
q-0494,True,social.short-worker,給与計算担当者が知っておきたい社会保険制度,core,,2026年9月1日時点、4分の3基準を満たさない特定適用事業所の短時間労働者について、週所定労働時間の要件の下限を正しく示すものはどれか。,revise,complete,構造化計算未登録,True
q-0495,True,social.short-worker,給与計算担当者が知っておきたい社会保険制度,reinforcement,,2026年9月1日時点、短時間労働者の適用要件となる所定内賃金の月額の下限はどれか。,revise,complete,,True
q-0496,True,social.short-worker,給与計算担当者が知っておきたい社会保険制度,reinforcement,,通常の業務で働く短時間労働者の社会保険適用について、雇用期間の見込みの基準を正しく示すものはどれか。季節的業務・臨時的事業の特例は除く。,revise,complete,,True
q-0497,True,social.short-worker,給与計算担当者が知っておきたい社会保険制度,reinforcement,,特定適用事業所の短時間労働者に関する学生要件として、適切なものはどれか。,revise,complete,,True
q-0498,True,social.short-worker,給与計算担当者が知っておきたい社会保険制度,reinforcement,,2026年9月1日時点、民間企業が特定適用事業所に該当する企業規模の下限を正しく示すものはどれか。人数は適用拡大の短時間労働者を除いた厚生年金被保険者等で判定する。,revise,complete,,True
q-0499,True,social.short-worker,給与計算担当者が知っておきたい社会保険制度,reinforcement,,2026年9月1日時点、短時間労働者の「年収約106万円」という目安の位置付けとして適切なものはどれか。,revise,complete,構造化計算未登録,True
q-0500,True,social.short-worker,給与計算担当者が知っておきたい社会保険制度,reinforcement,,"2026年9月1日時点、短時間労働者の月額88,000円要件と資格取得届の報酬月額における通勤手当の扱いはどれか。",revise,complete,構造化計算未登録,True
q-0501,True,social.workplaces,給与計算担当者が知っておきたい社会保険制度,core,mogi-3,X社は法人で、常用的に働き役員報酬を受ける事業主1人だけがいる。Y店は個人経営の飲食店で従業員3人を常時使用し、任意適用の認可は受けていない。2026年9月1日時点、健康保険・厚生年金の強制適用事業所に該当するのはどれか。X社の事業主は年齢等の適用除外に該当しない。,revise,complete,,True
q-0502,True,social.workplaces,給与計算担当者が知っておきたい社会保険制度,reinforcement,,2026年9月1日時点、個人事業所が原則として健康保険・厚生年金の強制適用となる業種・人数の組合せはどれか。,revise,complete,,True
q-0503,True,social.workplaces,給与計算担当者が知っておきたい社会保険制度,core,,強制適用でない事業所が任意適用事業所となるための手続として、適切なものはどれか。,revise,complete,,True
q-0504,True,social.base-days,社会保険の事務手続き,core,,健康保険・厚生年金の随時改定で、変動後3か月の各月に必要な支払基礎日数の原則的な下限はどれか。,revise,complete,,True
q-0505,True,social.base-days,社会保険の事務手続き,core,mogi-1,随時改定を判定する一般被保険者について、変動後3か月の支払基礎日数が17日、16日、20日だった。原則としてどうなるか。,revise,complete,構造化計算未登録,True
q-0506,True,social.dependents,給与計算担当者が知っておきたい社会保険制度,core,,2026年9月1日時点、30歳の配偶者を健康保険の被扶養者として認定する。障害による180万円基準の対象ではない場合、年間収入の原則的な基準額はどれか。他の認定要件も別途確認する。,revise,complete,構造化計算未登録,True
q-0507,True,social.dependents,給与計算担当者が知っておきたい社会保険制度,core,mogi-1,2026年に、同年12月31日時点で20歳となる子（配偶者ではなく、障害による180万円基準の対象でもない）を健康保険の被扶養者として認定する。年間収入の原則的な基準額はどれか。他の認定要件も別途確認する。,revise,complete,構造化計算未登録,True
q-0508,True,social.dependents,給与計算担当者が知っておきたい社会保険制度,core,,健康保険の被扶養者認定で用いる年間収入の意味として適切なものはどれか。,revise,complete,,True
q-0509,True,social.dependents,給与計算担当者が知っておきたい社会保険制度,reinforcement,,健康保険の被扶養者となるために、原則として被保険者との同居が必要な親族はどれか。,revise,complete,,True
q-0510,True,social.dependents,給与計算担当者が知っておきたい社会保険制度,reinforcement,,協会けんぽの被保険者が家族を新たに被扶養者とする場合に提出する届書はどれか。,revise,complete,,True
q-0511,True,social.leave-exemption,給与計算担当者が知っておきたい社会保険制度,reinforcement,,産前産後休業について事業主が必要な申出をした。免除対象月の健康保険料・厚生年金保険料の労使負担はどうなるか。,revise,complete,,True
q-0512,True,social.leave-exemption,給与計算担当者が知っておきたい社会保険制度,reinforcement,,必要な申出をした産前産後休業について、健康保険・厚生年金の月額保険料が免除される期間はどれか。,revise,complete,,True
q-0513,True,social.leave-exemption,給与計算担当者が知っておきたい社会保険制度,core,,2022年10月以後に開始した育児休業等について必要な申出をした。開始月の健康保険・厚生年金の月額保険料が免除される条件はどれか。,revise,complete,,True
q-0514,True,social.leave-exemption,,core,,育児休業等終了日に3歳未満の子を養育し、本人が申出を行い、報酬の支払基礎日数等の条件を満たしている。終了時改定の固定的賃金と等級差の条件を正しく示すものはどれか。,retire,retired,,退役：公開対象外
q-0515,True,social.leave-exemption,,reinforcement,,育児休業等終了時改定による標準報酬月額の改定時期はどれか。,retire,retired,,退役：公開対象外
q-0516,True,social.leave-exemption,,reinforcement,,産前産後休業終了日にその子を養育し、終了日の翌日から育児休業を開始せず、支払基礎日数等も満たしている。終了時改定に必要な申出と、等級差の下限の組合せはどれか。,retire,retired,,退役：公開対象外
q-0517,True,social.monthly-revision,社会保険の事務手続き,core,,社会保険における随時改定の主な目的は何か。,revise,complete,,True
q-0518,True,social.monthly-revision,社会保険の事務手続き,reinforcement,,随時改定における固定的賃金の変動に該当するものはどれか。,revise,complete,,True
q-0519,True,social.monthly-revision,社会保険の事務手続き,reinforcement,,手当の変更のうち、固定的賃金の変動に該当するものはどれか。,revise,complete,,True
q-0520,True,social.monthly-revision,社会保険の事務手続き,core,mogi-1,基本給や固定手当は変わらず、残業時間の増加だけで報酬が増えた場合の扱いはどれか。,revise,complete,,True
q-0521,True,social.monthly-revision,,reinforcement,,時給制の被保険者について、時間当たりの単価が変更された場合の扱いはどれか。,retire,retired,,退役：公開対象外
q-0522,True,social.monthly-revision,社会保険の事務手続き,reinforcement,,随時改定における変動月の説明として適切なものはどれか。,revise,complete,,True
q-0523,True,social.monthly-revision,社会保険の事務手続き,core,mogi-2,4月支給の給与から固定的賃金が変動し、随時改定の全要件を満たした場合、標準報酬月額は原則としていつ改定されるか。,revise,complete,,True
q-0524,True,social.monthly-revision,,reinforcement,,一般の被保険者が随時改定を受ける場合、変動月以後3か月の支払基礎日数の要件はどれか。,retire,retired,,退役：公開対象外
q-0525,True,social.monthly-revision,社会保険の事務手続き,reinforcement,,随時改定の2等級以上の差を判定する際に比較するものはどれか。,revise,complete,,True
q-0526,True,social.monthly-revision,社会保険の事務手続き,core,,通常の随時改定を判定する。上限・下限の特例や産休・育休終了時改定ではなく、固定的賃金の変動後3か月平均による標準報酬月額との差が従前から1等級だけだった。原則としてどうなるか。,revise,complete,,True
q-0527,True,social.monthly-revision,,reinforcement,,残業手当だけが増加し、3か月平均による標準報酬月額に2等級の差が生じた場合の扱いはどれか。,retire,retired,,退役：公開対象外
q-0528,True,social.monthly-revision,社会保険の事務手続き,reinforcement,,固定的賃金は増額されたが、残業手当の減少により3か月平均から導いた標準報酬月額が従前より2等級下がった。通常の随時改定の日数要件は満たし、特例はない場合、どう扱うか。,revise,complete,,True
q-0529,True,social.monthly-revision,,reinforcement,,さかのぼり昇給の差額がまとめて支給された場合の随時改定の扱いはどれか。,retire,retired,,退役：公開対象外
q-0530,True,social.monthly-revision-requirements,社会保険の事務手続き,core,,通常の随時改定の基本要件をまとめたものはどれか。固定給と平均報酬による等級の増減方向は同じで、上限・下限や産休・育休終了時改定等の特例はない。,revise,complete,,True
q-0531,True,social.monthly-revision-requirements,社会保険の事務手続き,core,mogi-1,4月支給分から基本給が上がった一般被保険者について、残業手当が減少した結果、4～6月の平均報酬による標準報酬月額が従前より2等級下がった。3か月とも支払基礎日数は17日以上で、特例はない。随時改定の判定として適切なものはどれか。,maintain,complete,,True
q-0532,True,social.qualification,社会保険の事務手続き,core,mogi-1,入社日に健康保険・厚生年金の被保険者資格を取得する従業員について、事業主が資格取得届を提出する原則的な期限はいつか。,revise,complete,,True
q-0533,True,social.qualification,社会保険の事務手続き,core,,月給額が労働契約で確定している新入社員について、資格取得時の報酬月額を届け出る際の基本的な考え方はどれか。,revise,complete,,True
q-0534,True,social.qualification,社会保険の事務手続き,reinforcement,,4月に健康保険・厚生年金の資格を取得し、資格喪失・随時改定等がない。資格取得時決定による標準報酬月額の原則的な適用期間はどれか。,revise,complete,,True
q-0535,True,social.qualification,,reinforcement,,月の途中に入社し、その月末を超えて在職する被保険者の入社月の社会保険料はどのように扱われるか。,retire,retired,,退役：公開対象外
q-0536,True,social.qualification,社会保険の事務手続き,core,mogi-2,従業員が退職した場合、健康保険および厚生年金保険の資格喪失日は原則としていつか。,revise,complete,,True
q-0537,True,social.qualification,,reinforcement,,以前から在職していた被保険者が月の途中で退職し、同月得喪の例外にも該当しない場合、退職月の保険料はどうなるか。,retire,retired,,退役：公開対象外
q-0538,True,social.qualification,,reinforcement,,以前から在職していた被保険者が月末に退職した場合、退職月の保険料はどうなるか。,retire,retired,,退役：公開対象外
q-0539,True,social.qualification,,reinforcement,,翌月控除を行う事業所で月末退職者の最終給与から控除できる社会保険料はどれか。,retire,retired,,退役：公開対象外
q-0540,True,social.qualification,社会保険の事務手続き,reinforcement,,退職による被保険者資格喪失届を事業主が提出する期限はいつまでか。,revise,complete,,True
q-0541,True,social.qualification,社会保険の事務手続き,core,,厚生年金の資格取得と喪失が同じ月で、その後その月に別の厚生年金又は国民年金の資格を取得しなかった。保険料免除等がない場合、その勤務先での取得月の厚生年金保険料はどうなるか。,revise,complete,,True
q-0542,True,social.qualification,社会保険の事務手続き,reinforcement,,厚生年金を同月に取得・喪失した後、同じ月に別の勤務先の厚生年金又は国民年金（第2号を除く）の資格を取得した。先に喪失した勤務先の厚生年金保険料はどうなるか。,revise,complete,,True
q-0543,True,social.regular-determination,,reinforcement,,社会保険における定時決定の主な目的は何か。,retire,retired,,退役：公開対象外
q-0544,True,social.regular-determination,社会保険の事務手続き,core,mogi-2,2026年7月1日現在、同じ事業所で使用している被保険者A・Bの算定基礎届を確認する。資格取得日はAが5月31日、Bが6月1日。資格喪失・7〜9月の随時改定等、取得時期以外の提出不要事由はない。この年の通常の定時決定で算定基礎届を提出する対象者はどれか。,revise,complete,構造化計算未登録,True
q-0545,True,social.regular-determination,,reinforcement,,定時決定で原則として報酬を確認する期間はどれか。,retire,retired,,退役：公開対象外
q-0546,True,social.regular-determination,,reinforcement,,定時決定で決まった標準報酬月額の原則的な適用期間はどれか。,retire,retired,,退役：公開対象外
q-0547,True,social.regular-determination,社会保険の事務手続き,reinforcement,,定時決定のために事業主が提出する届書はどれか。,revise,complete,,True
q-0548,True,social.regular-determination,社会保険の事務手続き,core,,一般の被保険者（短時間労働者ではない）の通常の定時決定で、算定対象月を選ぶ支払基礎日数の下限はどれか。特殊な保険者算定はない。,revise,complete,,True
q-0549,True,social.regular-determination,社会保険の事務手続き,reinforcement,,通常の定時決定を行う一般被保険者（短時間労働者ではない）について、4〜6月のうち2か月は支払基礎日数17日以上、1か月は17日未満である。特殊な保険者算定はない場合、どの月を使うか。,revise,complete,構造化計算未登録,True
q-0550,True,social.regular-determination,社会保険の事務手続き,core,,社会保険の適用拡大により加入する短時間労働者について、通常の定時決定の算定対象月となる支払基礎日数の下限はどれか。,revise,complete,,True
q-0551,True,social.regular-determination,社会保険の事務手続き,reinforcement,,4分の3基準で加入し、適用拡大の短時間労働者には該当しないパートタイマーの通常の定時決定を行う。4〜6月の支払基礎日数がすべて17日未満で、一部の月が15日以上の場合、どの月を使うか。,revise,complete,構造化計算未登録,True
q-0552,True,social.regular-determination,社会保険の事務手続き,reinforcement,,4分の3基準で加入し、適用拡大の短時間労働者には該当しないパートタイマーの通常の定時決定を行う。4〜6月の支払基礎日数がすべて15日未満である場合、どう決定するか。,revise,complete,構造化計算未登録,True
q-0553,True,social.regular-determination,社会保険の事務手続き,reinforcement,,7月1日に使用している被保険者のうち、資格取得日のため、その年の通常の算定基礎届の提出対象から除かれる者はどれか。資格喪失や随時改定等による他の除外事由はない。,revise,complete,,True
q-0554,True,social.regular-determination,社会保険の事務手続き,core,,算定基礎届に記載する支払基礎日数の意味として適切なものはどれか。,revise,complete,,True
q-0555,True,employment.benefits,給与計算担当者が知っておきたい社会保険制度,core,,雇用保険の基本手当の対象となる状態を示したものはどれか。,revise,complete,,True
q-0556,True,employment.benefits,給与計算担当者が知っておきたい社会保険制度,reinforcement,,高年齢雇用継続基本給付金が主に対象とする年齢と賃金状況はどれか。,revise,complete,,True
q-0557,True,employment.benefits,給与計算担当者が知っておきたい社会保険制度,reinforcement,,育児休業給付金と休業中に会社から支払われる賃金との関係はどれか。,revise,complete,,True
q-0558,True,employment.benefits,給与計算担当者が知っておきたい社会保険制度,core,,介護休業給付金の支給元と同じ対象家族についての支給上限はどれか。,revise,complete,,True
q-0559,True,labor.workers-comp,給与計算担当者が知っておきたい法律,core,,民間の労災保険適用事業で働く労働者の対象範囲について、適切なものはどれか。,revise,complete,,True
q-0560,True,labor.workers-comp,給与計算担当者が知っておきたい法律,core,,労災保険における業務災害と通勤災害の区別として適切なものはどれか。,revise,complete,,True
q-0561,True,labor.workers-comp,給与計算担当者が知っておきたい法律,reinforcement,,労災保険の給付の種類と支給事由の組合せとして適切なものはどれか。,revise,complete,,True
q-0562,True,labor.workers-comp,,reinforcement,,労災保険のメリット制の概要として適切なものはどれか。,retire,retired,,退役：公開対象外
q-0563,True,payroll.my-number,給与計算とは,core,,給与担当者が従業員本人から書面でマイナンバーの提供を受ける際の取扱いとして適切なものはどれか。,revise,complete,,True
q-0564,True,rates.child-support-fund,控除項目欄,core,,2026年度の協会けんぽに加入して在職する一般の被保険者について、「子ども・子育て支援金」と事業主が納める「子ども・子育て拠出金」の説明として正しいものはどれか。,revise,complete,,True
q-0565,True,rates.child-support-fund,控除項目欄,core,mogi-1,2026年度の子ども・子育て拠出金0.36％について、給与担当者の処理として正しいものはどれか。,revise,complete,,True
q-0566,True,rates.employee-pension,控除項目欄,core,,一般の厚生年金の保険料率（基金の免除保険料率がなく、労使合計）はどれか。,revise,complete,,True
q-0567,True,rates.employee-pension,控除項目欄,core,mogi-1,"標準報酬月額320,000円、厚生年金保険料率18.3％、労使折半とする。厚生年金保険料だけの被保険者負担はいくらか。基金の免除保険料率や保険料免除はない。",revise,complete,構造化計算未登録,True
q-0568,True,rates.employment-insurance,控除項目欄,core,,2026年度、一般の事業の雇用保険料における労働者負担率はどれか。,revise,complete,,True
q-0569,True,rates.employment-insurance,控除項目欄,core,,"2026年度の一般の事業における雇用保険料の事業主負担8.5/1,000の内訳として正しいものはどれか。",revise,complete,,True
q-0570,True,rates.health-insurance-tokyo,控除項目欄,core,,協会けんぽ東京支部の一般被保険者について、2026年3月分からの健康保険料率（労使合計、介護保険・子ども子育て支援金を除く）はどれか。,revise,complete,,True
q-0571,True,rates.health-insurance-tokyo,控除項目欄,core,,"2026年度の協会けんぽ東京支部の在職者で、標準報酬月額300,000円、健康保険料率9.85％、労使折半とする。健康保険料だけの本人負担はいくらか。介護保険料・子ども子育て支援金は含めない。",revise,complete,構造化計算未登録,True
q-0572,True,social.care,給与計算担当者が知っておきたい社会保険制度,core,,国内の市町村に住所を有し、適用除外のない人について、介護保険の第1号被保険者に該当する者はどれか。,revise,complete,,True
q-0573,True,social.care,給与計算担当者が知っておきたい社会保険制度,core,,国内の市町村に住所を有し、適用除外のない人について、介護保険の第2号被保険者に該当する者はどれか。,revise,complete,,True
q-0574,True,social.care,,reinforcement,,健康保険に加入する会社員が65歳に達した場合の介護保険上の区分はどうなるか。,retire,retired,,退役：公開対象外
q-0575,True,social.care,給与計算担当者が知っておきたい社会保険制度,reinforcement,,介護保険の第2号被保険者が介護サービスを利用するための原因要件はどれか。,revise,complete,,True
q-0576,True,social.care-insurance-age,給与計算担当者が知っておきたい社会保険制度,core,,国内に住所を有し、適用除外のない協会けんぽ加入者について、介護保険第2号被保険者となる年齢層はどれか。,revise,complete,,True
q-0577,True,social.care-insurance-age,給与計算担当者が知っておきたい社会保険制度,core,mogi-2,国内に住所を有して協会けんぽに継続加入し、2026年11月1日に65歳の誕生日を迎える従業員がいる。適用除外や免除はなく、保険料は毎月、前月分を給与から控除し、過去分の精算もない。健康保険と一緒に徴収する介護保険第2号の保険料を最後に控除する給与はどれか。,revise,complete,,True
q-0578,True,social.employment-procedures,社会保険の事務手続き,core,,健康保険・厚生年金保険と雇用保険の資格取得届について、提出期限の組合せはどれか。,revise,complete,,True
q-0579,True,social.employment-procedures,社会保険の事務手続き,core,,健康保険・厚生年金保険と雇用保険の資格喪失届について、提出期限の組合せはどれか。,revise,complete,,True
q-0580,True,social.health-benefits,給与計算担当者が知っておきたい社会保険制度,reinforcement,,業務・通勤災害ではない病気やけがについて、健康保険の療養の給付を説明したものはどれか。,revise,complete,,True
q-0581,True,social.health-benefits,,reinforcement,,健康保険の高額療養費の説明として適切なものはどれか。,retire,retired,,退役：公開対象外
q-0582,True,social.health-benefits,,reinforcement,,健康保険の傷病手当金が支給される基本的な場面はどれか。,retire,retired,,退役：公開対象外
q-0583,True,social.health-benefits,,reinforcement,,健康保険の出産手当金が支給される基本的な場面はどれか。,retire,retired,,退役：公開対象外
q-0584,True,social.health-benefits,,reinforcement,,健康保険の出産育児一時金の目的として適切なものはどれか。,retire,retired,,退役：公開対象外
q-0585,True,social.health-benefits,,reinforcement,,出産手当金の制度と支給元に関する説明として適切なものはどれか。,retire,retired,,退役：公開対象外
q-0586,True,social.health-insurers,給与計算担当者が知っておきたい社会保険制度,core,,健康保険の制度体系における協会けんぽの説明として適切なものはどれか。,revise,complete,,True
q-0587,True,social.health-insurers,給与計算担当者が知っておきたい社会保険制度,reinforcement,,組合管掌健康保険である組合健保の説明として適切なものはどれか。,revise,complete,,True
q-0588,True,social.leave-exemption,給与計算担当者が知っておきたい社会保険制度,reinforcement,,事業主が必要な申出を行い、産前産後休業又は育児休業による保険料免除の対象月に該当する。月例の健康保険料・厚生年金保険料の負担はどれか。,revise,complete,,True
q-0589,True,social.pension-insured-benefits,給与計算担当者が知っておきたい社会保険制度,reinforcement,,国内に住む35歳の会社員が厚生年金に加入する場合、公的年金の基本的な加入構造はどれか。,revise,complete,,True
q-0590,True,social.pension-insured-benefits,,reinforcement,,日本国内に住む30歳の自営業者で、厚生年金保険に加入せず、第3号にも該当しない者の国民年金上の区分はどれか。,retire,retired,,退役：公開対象外
q-0591,True,social.pension-insured-benefits,,reinforcement,,35歳の会社員が勤務先で厚生年金保険に加入した場合の国民年金上の区分はどれか。,retire,retired,,退役：公開対象外
q-0592,True,social.pension-insured-benefits,給与計算担当者が知っておきたい社会保険制度,reinforcement,,国内に住む35歳の人が、自分は厚生年金に加入せず、国民年金第2号である45歳の配偶者に扶養され、所定の収入等の要件も満たしている。この35歳の人の国民年金上の区分はどれか。,revise,complete,,True
q-0593,True,social.pension-insured-benefits,給与計算担当者が知っておきたい社会保険制度,reinforcement,,国民年金の第3号被保険者に係る国民年金保険料の取扱いとして適切なものはどれか。,revise,complete,,True
q-0594,True,social.pension-insured-benefits,給与計算担当者が知っておきたい社会保険制度,reinforcement,,厚生年金の適用事業所に常用的に使用され、労働時間等の加入要件を満たす人について、原則として被保険者となる年齢範囲はどれか。高齢任意加入は除く。,revise,complete,,True
q-0595,True,social.pension-insured-benefits,給与計算担当者が知っておきたい社会保険制度,reinforcement,,老齢年金を受給している68歳の者が、厚生年金保険の適用事業所でフルタイム勤務する場合の取扱いはどれか。,revise,complete,,True
q-0596,True,social.pension-insured-benefits,給与計算担当者が知っておきたい社会保険制度,reinforcement,,厚生年金の適用事業所で、試用開始日から常用的に働き報酬を受ける従業員がいる。年齢・労働時間等の加入要件はすべて満たす。資格取得時期として適切なものはどれか。,revise,complete,,True
q-0597,True,social.remuneration-rates,,reinforcement,,会社員の健康保険料、介護保険料および厚生年金保険料の負担原則として適切なものはどれか。,retire,retired,,退役：公開対象外
q-0598,True,social.remuneration-rates,,reinforcement,,2026年時点の一般の厚生年金保険料率について適切なものはどれか。,retire,retired,,退役：公開対象外
q-0599,True,social.remuneration-rates,,reinforcement,,厚生年金保険料率18.3%を労使折半する場合の被保険者負担率はどれか。,retire,retired,,退役：公開対象外
q-0600,True,social.remuneration-rates,,reinforcement,,協会けんぽの健康保険料率の特徴として適切なものはどれか。,retire,retired,,退役：公開対象外
q-0601,True,social.remuneration-rates,,reinforcement,,協会けんぽの健康保険料率が年度替わりに改定される場合、一般の被保険者に新料率が適用される保険料月はどれか。,retire,retired,,退役：公開対象外
q-0602,True,social.remuneration-rates,,reinforcement,,協会けんぽの第2号被保険者に係る介護保険料率の特徴として適切なものはどれか。,retire,retired,,退役：公開対象外
q-0603,True,social.remuneration-rates,,reinforcement,,社会保険料を翌月控除する原則に従う場合、4月に支払う給与から控除する月例保険料はどれか。,retire,retired,,退役：公開対象外
q-0604,True,social.remuneration-rates,,reinforcement,,健康保険料および厚生年金保険料の事業主による納付期限は原則としていつか。,retire,retired,,退役：公開対象外
q-0605,True,social.remuneration-rates,給与計算担当者が知っておきたい社会保険制度,reinforcement,,標準報酬月額を設ける主な目的として適切なものはどれか。,revise,complete,,True
q-0606,True,social.remuneration-rates,,reinforcement,,標準報酬月額を決定する際の通勤手当の取扱いとして適切なものはどれか。,retire,retired,,退役：公開対象外
q-0607,True,social.remuneration-rates,,reinforcement,,事業主から食事や住宅などを現物で支給された場合の標準報酬月額上の取扱いはどれか。,retire,retired,,退役：公開対象外
q-0608,True,social.remuneration-rates,,reinforcement,,標準報酬月額の対象となる報酬に含まれないものはどれか。,retire,retired,,退役：公開対象外
q-0609,True,social.remuneration-rates,,reinforcement,,賞与の支給回数と標準報酬月額の関係について適切なものはどれか。,retire,retired,,退役：公開対象外
q-0610,True,social.retirement-health,給与計算担当者が知っておきたい社会保険制度,core,,継続2か月以上などの加入要件を満たし、正当な理由による申出期限の例外がない。協会けんぽの任意継続について、原則的な申出期限と加入可能期間の組合せはどれか。,revise,complete,,True
q-0611,True,social.retirement-health,給与計算担当者が知っておきたい社会保険制度,core,,後期高齢者医療の対象ではなく、退職で勤務先の健康保険の資格を失い、すぐに再就職しない人が検討する医療保険の主な選択肢はどれか。,revise,complete,,True
q-0612,True,social.short-worker,給与計算担当者が知っておきたい社会保険制度,reinforcement,,健康保険・厚生年金の適用事業所で、同じ事業所の同様の業務に従事する通常の労働者と比べる「4分の3基準」を満たす条件はどれか。年齢等の適用除外はない。,revise,complete,,True
q-0613,True,social.short-worker,,reinforcement,,2026年7月時点で、短時間労働者の適用拡大における特定適用事業所の企業規模基準はどれか。,retire,retired,,退役：公開対象外
q-0614,True,social.short-worker,,reinforcement,,法人企業が特定適用事業所の企業規模を判定する場合、被保険者数を集計する単位はどれか。,retire,retired,,退役：公開対象外
q-0615,True,social.short-worker,,reinforcement,,特定適用事業所の51人以上を判定する際に数える者の範囲として適切なものはどれか。,retire,retired,,退役：公開対象外
q-0616,True,social.short-worker,,reinforcement,,4分の3基準を満たさない短時間労働者について、適用拡大における週の所定労働時間の要件はどれか。,retire,retired,,退役：公開対象外
q-0617,True,social.short-worker,給与計算担当者が知っておきたい社会保険制度,reinforcement,,"2026年9月1日時点、短時間労働者の月額88,000円の賃金要件を判定する際、原則として全て除外する組合せはどれか。賞与は1か月を超える期間ごとに支払うものとする。",revise,complete,構造化計算未登録,True
q-0618,True,social.short-worker,,reinforcement,,4分の3基準を満たさない短時間労働者に対する学生要件の取扱いとして適切なものはどれか。,retire,retired,,退役：公開対象外
q-0619,True,social.short-worker,,reinforcement,,当初の雇用契約期間が2か月以内であるものの、その期間を超えて雇用されることが見込まれる者の取扱いはどれか。,retire,retired,,退役：公開対象外
q-0620,True,social.short-worker,,reinforcement,,特定適用事業所の企業規模について、51人以上となることが見込まれる期間の基準はどれか。,retire,retired,,退役：公開対象外
q-0621,True,social.workplaces,給与計算担当者が知っておきたい社会保険制度,reinforcement,,被保険者となるべき人を常時使用し、労働の対償として報酬を支払う法人事業所について、健康保険・厚生年金の強制適用を説明したものはどれか。,revise,complete,,True
q-0622,True,social.workplaces,,reinforcement,,個人事業所が健康保険・厚生年金保険の強制適用事業所となる一般的な基準はどれか。,retire,retired,,退役：公開対象外
q-0623,True,social.workplaces,,reinforcement,,事業所が任意適用の認可を受けた後の従業員の加入範囲として適切なものはどれか。,retire,retired,,退役：公開対象外
q-0624,True,social.workplaces,給与計算担当者が知っておきたい社会保険制度,reinforcement,,強制適用でない事業所が行う健康保険・厚生年金保険の任意適用申請の範囲として適切なものはどれか。,revise,complete,,True
q-0625,True,bonus.standard-amount,賞与計算のしかた,core,,社会保険の賞与に該当する税引き前の支給額について、上限適用前の標準賞与額を求める端数処理はどれか。,revise,complete,,True
q-0626,True,bonus.standard-amount,賞与計算のしかた,core,mogi-2,"社会保険の賞与に該当する税引き前612,800円を、この月に1回だけ支給した。健康保険・厚生年金の上限には達しない場合、標準賞与額はいくらか。",revise,complete,構造化計算未登録,True
q-0627,True,social.dependents,,reinforcement,,年齢などによる特例に該当しない家族について、健康保険の被扶養者となるための一般的な年間収入基準はどれか。,retire,retired,,退役：公開対象外
q-0628,True,social.dependents,給与計算担当者が知っておきたい社会保険制度,core,mogi-2,2026年9月1日に、同年12月20日が19歳の誕生日となる子を健康保険の被扶養者として認定する。配偶者ではなく、障害による180万円基準の対象でもない。年間収入が「この額未満」となることを求める基準額はどれか。他の認定要件は別途確認する。,revise,complete,構造化計算未登録,True
q-0629,True,social.dependents,給与計算担当者が知っておきたい社会保険制度,reinforcement,,健康保険の被扶養者として認定されるために、被保険者との同居が必須ではない親族だけの組合せはどれか。他の居住・収入・生計維持要件は別途満たす必要がある。,revise,complete,,True
q-0630,True,social.dependents,給与計算担当者が知っておきたい社会保険制度,reinforcement,,健康保険の被扶養者認定で、家族の収入を被保険者の収入・仕送り額と比べる原則的な生計維持の基準はどれか。年間収入の上限等は別途確認し、総合的な生計維持の例外認定は除く。,revise,complete,,True
q-0631,True,social.dependents,,reinforcement,,協会けんぽの被保険者に被扶養者の追加などの異動が生じた場合の届出として適切なものはどれか。,retire,retired,,退役：公開対象外
q-0632,True,social.leave-exemption,給与計算担当者が知っておきたい社会保険制度,core,mogi-2,事業主が必要な申出を行い、産前産後休業による免除対象月に該当した。健康保険・厚生年金の月額保険料の負担はどうなるか。,revise,complete,,True
q-0633,True,social.leave-exemption,,reinforcement,,育児休業等期間中の月額保険料について、原則的な月末基準による免除対象月はどれか。,retire,retired,,退役：公開対象外
q-0634,True,social.leave-exemption,,reinforcement,,2022年10月以後に開始した同一月内の育児休業等について、月末に休業していない月の月額保険料が免除される日数要件はどれか。,retire,retired,,退役：公開対象外
q-0635,True,social.leave-exemption,,reinforcement,,育児休業等を同一月内で14日以上取得した場合の免除要件は、どの保険料に適用されるか。,retire,retired,,退役：公開対象外
q-0636,True,social.leave-exemption,,reinforcement,,育児休業等終了時改定では、従前の標準報酬月額と改定後の標準報酬月額に何等級以上の差があれば対象となり得るか。,retire,retired,,退役：公開対象外
q-0637,True,social.leave-exemption,,reinforcement,,産前産後休業終了時改定では、従前と改定後の標準報酬月額に何等級以上の差があれば対象となり得るか。,retire,retired,,退役：公開対象外
q-0638,True,social.leave-exemption,,reinforcement,,養育・申出・等級差・支払基礎日数等の要件を満たす育児休業等終了時改定と、産前産後休業終了時改定について、報酬の確認期間と適用開始の組合せはどれか。産休終了翌日から育休へ入る場合は除く。,retire,retired,,退役：公開対象外
q-0639,True,social.loss-of-qualification-premium-month,給与計算担当者が知っておきたい社会保険制度,core,,2月以前からこの勤務先で継続して健康保険・厚生年金に加入し、保険料免除等はない。3月15日退職、資格喪失日3月16日なら、この勤務先の保険料が発生する最終月はどれか。,revise,complete,構造化計算未登録,True
q-0640,True,social.loss-of-qualification-premium-month,給与計算担当者が知っておきたい社会保険制度,core,,2月以前からこの勤務先で継続して健康保険・厚生年金に加入し、保険料免除等はない。3月31日退職、資格喪失日4月1日なら、この勤務先の保険料が発生する最終月はどれか。,revise,complete,構造化計算未登録,True
q-0641,True,social.monthly-revision,,reinforcement,,標準報酬月額の通常の随時改定に該当するため、最初に必要となる賃金の変化はどれか。,retire,retired,,退役：公開対象外
q-0642,True,social.monthly-revision,社会保険の事務手続き,core,mogi-3,通常の随時改定の起点となる、固定的賃金の変動に当たるものはどれか。,revise,complete,,True
q-0643,True,social.monthly-revision,,reinforcement,,随時改定では、固定的賃金の変動月以後、原則として何か月間の報酬を確認するか。,retire,retired,,退役：公開対象外
q-0644,True,social.monthly-revision,,reinforcement,,一般の被保険者が通常の随時改定を受ける場合、変動月以後3か月の各月に必要な支払基礎日数は何日以上か。,retire,retired,,退役：公開対象外
q-0645,True,social.monthly-revision,,reinforcement,,通常の随時改定では、従前と改定後の標準報酬月額に原則として何等級以上の差が必要か。,retire,retired,,退役：公開対象外
q-0646,True,social.monthly-revision,,reinforcement,,通常の随時改定における固定的賃金と3か月平均額の変動方向について、適切な説明はどれか。,retire,retired,,退役：公開対象外
q-0647,True,social.monthly-revision,社会保険の事務手続き,reinforcement,,随時改定の要件を満たした場合に事業主が提出する届書はどれか。,revise,complete,,True
q-0648,True,social.monthly-revision,,reinforcement,,時給制の被保険者について、随時改定の起点となる固定的賃金の変動はどれか。,retire,retired,,退役：公開対象外
q-0649,True,social.short-worker-coverage,給与計算担当者が知っておきたい社会保険制度,core,,2026年11月2級の法令基準日である9月1日現在、民間企業の短時間労働者への適用拡大について、誤っているものはどれか。企業規模の人数は所定の算定対象者で判定する。,revise,complete,,True
q-0650,True,social.short-worker-coverage,給与計算担当者が知っておきたい社会保険制度,core,mogi-2,"2026年9月1日、所定の人数算定で51人以上となる民間の特定適用事業所に勤務する35歳の人を判定する。4分の3基準には届かないが、週所定20時間、加入判定用の所定内賃金月額90,000円、2か月を超える雇用見込みがあり学生ではない。年齢以外にも適用除外はない。健康保険・厚生年金の加入はどうなるか。",revise,complete,構造化計算未登録,True
q-0651,True,social.acquisition-determination,社会保険の事務手続き,core,mogi-2,入社日に健康保険・厚生年金の加入要件を満たす月給制の従業員を採用した。資格取得時の報酬が労働契約等から確定できる場合の、届出の考え方として適切なものはどれか。,revise,complete,,True
q-0652,True,social.acquisition-determination,社会保険の事務手続き,core,,7月1日に健康保険・厚生年金の資格を取得し、その後も加入を継続し、随時改定等がない。資格取得時決定による標準報酬月額は原則いつまで適用されるか。,revise,complete,,True
q-0653,True,social.qualification,社会保険の事務手続き,reinforcement,,健康保険・厚生年金保険の被保険者資格取得届について、提出者と提出期限の組合せとして適切なものはどれか。,revise,complete,,True
q-0654,True,social.qualification,社会保険の事務手続き,reinforcement,,入社時から年齢・労働時間等の加入要件を満たす従業員について、健康保険・厚生年金の資格取得日を決める基準はどれか。,revise,complete,,True
q-0655,True,social.qualification,,reinforcement,,社会保険における資格取得時決定の説明として適切なものはどれか。,retire,retired,,退役：公開対象外
q-0656,True,social.qualification,社会保険の事務手続き,core,mogi-3,月給制の従業員について、取得時から給与規程上支給対象となる通勤手当・住宅手当が、事務処理の遅れで翌月に初月分と併せて支給される。資格取得時に届け出る報酬月額の基本はどれか。,revise,complete,,True
q-0657,True,social.qualification,,reinforcement,,月の途中に入社して被保険者資格を取得した従業員について、資格取得月の保険料はどうなるか。,retire,retired,,退役：公開対象外
q-0658,True,social.qualification,,reinforcement,,被保険者資格を取得した人の月額保険料は、原則としていつの分から発生するか。,retire,retired,,退役：公開対象外
q-0659,True,social.qualification,社会保険の事務手続き,core,,退職によって健康保険・厚生年金の資格を喪失する従業員について、資格喪失届の提出者と原則的な提出期限の組合せはどれか。,revise,complete,,True
q-0660,True,social.qualification,,core,,月の途中に退職し、その翌日に資格を喪失した従業員について、退職月の月額保険料はどうなるか。,retire,retired,,退役：公開対象外
q-0661,True,social.qualification,,reinforcement,,月末に退職した従業員について、退職月の月額保険料はどうなるか。,retire,retired,,退役：公開対象外
q-0662,True,social.qualification,,reinforcement,,社会保険料を翌月控除する会社で従業員が月末退職した場合、最終給与から控除できる保険料はどれか。,retire,retired,,退役：公開対象外
q-0663,True,social.qualification,社会保険の事務手続き,core,,健康保険・厚生年金の資格を取得した後、翌月以降に資格を喪失した。産休・育休等の免除がない場合、この勤務先の月額保険料が発生する期間はどれか。,revise,complete,,True
q-0664,True,social.qualification,,reinforcement,,厚生年金保険の資格を同じ月に取得して喪失し、その後同月に別の年金資格を取得しなかった場合、保険料はどうなるか。,retire,retired,,退役：公開対象外
q-0665,True,social.qualification,,reinforcement,,翌月控除を採用する会社で社会保険料を処理する際、保険料の発生月と給与からの控除月はどう考えるべきか。,retire,retired,,退役：公開対象外
q-0666,True,social.regular-determination,社会保険の事務手続き,reinforcement,,通常の定時決定で、使用している被保険者等を確認する基準日はいつか。資格取得時期や随時改定等により提出不要となる人は別途判定する。,revise,complete,,True
q-0667,True,social.regular-determination,,reinforcement,,定時決定で標準報酬月額を算定する際、原則として対象となる報酬の月はどれか。,retire,retired,,退役：公開対象外
q-0668,True,social.regular-determination,,reinforcement,,一般の被保険者の支払基礎日数が4月16日、5月17日、6月18日である場合、定時決定の対象月はどれか。,retire,retired,,退役：公開対象外
q-0669,True,social.regular-determination,,reinforcement,,適用要件を満たして加入する短時間労働者について、定時決定の算定対象月となる支払基礎日数の基準は何日以上か。,retire,retired,,退役：公開対象外
q-0670,True,social.regular-determination,,reinforcement,,定時決定で決め直された標準報酬月額は、原則としていつからいつまで適用されるか。,retire,retired,,退役：公開対象外
q-0671,True,social.regular-determination,社会保険の事務手続き,core,mogi-3,定時決定や随時改定で用いる「支払基礎日数」について、月給・日給等に共通する意味として適切なものはどれか。,revise,complete,,True
q-0672,True,social.regular-determination,,reinforcement,,標準報酬月額の定時決定を毎年行う主な目的はどれか。,retire,retired,,退役：公開対象外
q-0673,True,labor-insurance.annual-renewal,社会保険の事務手続き,core,mogi-2,継続事業の2026年度の労働保険年度更新で、保険料について行う基本手続はどれか。,revise,complete,,True
q-0674,True,labor.insurance-calculation,控除項目欄,core,,民間の事業主が雇う労働者に係る労災保険料の負担について、正しいものはどれか。,revise,complete,,True
q-0675,True,calculation.monthly-withholding,給与計算の演習問題,core,mogi-1,"2026年9月支給の月給は300,000円で全額課税、他の支給はない。健康保険・支援金・厚生年金の本人負担42,570円に加え、一般の事業の雇用保険料を労働者負担5/1,000で控除する。他の社会保険料等の控除はない。扶養控除等申告書提出済み、税額表上の扶養親族等1人の場合、2026年分月額表による源泉所得税額はどれか。",revise,complete,,True
q-0676,True,calculation.monthly-withholding,給与計算の演習問題,core,,"2026年9月支給の月給300,000円は全額課税で他の支給はない。健康保険・支援金・厚生年金の本人負担42,570円、雇用保険料1,500円を控除し、他の社会保険料等の控除はない。扶養控除等申告書提出済みで税額表上の扶養親族等0人の場合、2026年分月額表による源泉所得税額はいくらか。",revise,complete,,True
q-0677,True,calculation.overtime-pay,給与計算の演習問題,core,mogi-1,"月給制。基本給240,000円、役職手当30,000円、扶養人数に応じた家族手当20,000円、実費相当の通勤手当10,000円。1か月平均所定労働時間160時間。法定時間外労働12時間、そのうち2時間が深夜。月60時間超の時間外はない。家族手当・通勤手当は本問では割増賃金算定基礎から除外できるものとする。1時間単価は50銭未満切捨て・50銭以上切上げ。法定休日労働はない。この12時間に対して月給とは別に支払う、通常の時間賃金100％を含む時間外・深夜の賃金総額はどれか。",revise,complete,,True
q-0678,True,calculation.overtime-pay,給与計算の演習問題,core,,"基本給260,000円と役職手当20,000円を算定基礎とし、月平均所定労働時間160時間。法定時間外8時間のうち3時間が深夜で、月60時間超はない。法定休日労働はない。この8時間に対して月給とは別に支払う、通常の時間賃金100％を含む時間外・深夜の賃金総額はいくらか。各区分の1円未満は四捨五入する。",revise,complete,,True
q-0679,True,calculation.social-insurance,給与計算の演習問題,core,mogi-1,"2026年4月分の保険料を翌月の5月給与から控除する。在職中の一般被保険者で35歳、標準報酬月額300,000円、協会けんぽ東京支部、厚生年金基金の免除なし。産休・育休等の免除もない。健康保険、子ども・子育て支援金、厚生年金の被保険者負担額合計（雇用保険を除く）はどれか。",revise,complete,,True
q-0680,True,labor.insurance-calculation,控除項目欄,core,,雇用保険料の労働者負担分を算定する際、賃金額に含めるものの組合せはどれか。,revise,complete,,True
q-0681,True,labor.insurance-calculation,控除項目欄,core,mogi-1,雇用保険の一般被保険者に、加入中の労働に対する月例賃金を支払う。本人負担分を給与から控除する基本的な扱いはどれか。,revise,complete,,True
q-0682,True,labor.insurance-calculation,控除項目欄,core,mogi-2,雇用保険料の本人負担分を給与から天引きする。慣習的な取扱い等の特約がなく、計算結果に1円未満の端数が生じたときの処理はどれか。,revise,complete,,True
q-0683,True,labor.insurance-calculation,,reinforcement,,労災保険料を給与計算で取り扱う方法として適切なものはどれか。,retire,retired,,退役：公開対象外
q-0684,True,labor-insurance.annual-renewal,社会保険の事務手続き,core,,継続事業の2026年度の労働保険年度更新について、申告内容と手続期間の組合せはどれか。,revise,complete,,True
q-0685,True,payroll.integrated-components,給与計算の演習問題,core,mogi-3,給与明細を完成させる基本的な集計方法として適切なものはどれか。,revise,complete,,True
q-0686,True,payroll.integrated-components,給与計算の演習問題,core,,支給項目が基本給・諸手当・割増賃金だけで、欠勤控除や現物給与はない月の給与明細を作る。総支給額の集計対象として適切なものはどれか。,revise,complete,,True
q-0687,True,payroll.integrated-components,給与計算の演習問題,reinforcement,,現金で支給する通勤手当の全額が所得税非課税となる場合、給与明細の総支給額と課税対象給与額への反映として適切なものはどれか。,revise,complete,,True
q-0688,True,payroll.integrated-components,給与計算の演習問題,core,,"公共交通機関の最も経済的かつ合理的な経路・方法による運賃等の月額を通勤手当として支給し、その額が150,000円を超える。所得税上の扱いはどれか。",revise,complete,,True
q-0689,True,payroll.integrated-components,,reinforcement,,月例給与に係る健康保険料の従業員負担額を求める基礎として適切なものはどれか。,retire,retired,,退役：公開対象外
q-0690,True,payroll.integrated-components,,reinforcement,,月例給与に係る厚生年金保険料の従業員負担額を求める基礎として適切なものはどれか。,retire,retired,,退役：公開対象外
q-0691,True,payroll.integrated-components,,reinforcement,,雇用保険料を算定する際の非課税通勤手当の扱いとして適切なものはどれか。,retire,retired,,退役：公開対象外
q-0692,True,payroll.integrated-components,給与計算の演習問題,reinforcement,,雇用保険の被保険者について、月例給与から控除する労働者負担額を計算する。提示された料率が労働者負担率である場合、掛け合わせる金額の基本はどれか。,revise,complete,計算分類の再確認,True
q-0693,True,payroll.integrated-components,給与計算の演習問題,reinforcement,,月例給与を所得税の月額表に当てはめるため、「その月の社会保険料等控除後の給与等の金額」を求める基本式はどれか。,revise,complete,計算分類の再確認,True
q-0694,True,payroll.integrated-components,給与計算の演習問題,core,mogi-2,"総支給額280,000円のうち非課税通勤手当が10,000円、社会保険料等（雇用保険料を含む）が39,840円、住民税が12,000円であり、これ以外の非課税支給や社会保険料等の控除はない。源泉所得税の月額表に当てはめる給与額はいくらか。",revise,complete,,True
q-0695,True,payroll.integrated-components,,reinforcement,,特別徴収による住民税を給与明細へ反映する方法として適切なものはどれか。,retire,retired,,退役：公開対象外
q-0696,True,payroll.integrated-components,,reinforcement,,住民税と源泉所得税の課税対象額との関係として適切なものはどれか。,retire,retired,,退役：公開対象外
q-0697,True,payroll.integrated-components,給与計算の演習問題,reinforcement,,社会保険料、雇用保険料、源泉所得税および住民税の控除区分として適切なものはどれか。,revise,complete,,True
q-0698,True,payroll.integrated-components,給与計算の演習問題,reinforcement,,本人が任意に参加し、社内預金の管理・保全等に必要な法令上の要件も満たしている。社内預金や親睦会費を給与から控除するため、賃金の全額払いの例外として必要な根拠はどれか。,revise,complete,,True
q-0699,True,payroll.integrated-workflow,給与計算の演習問題,core,,その月の非課税支給額と社会保険料等を反映し、月額表に当てはめる所得税額を確定計算する。必要な金額がそろう順序として適切なものはどれか。,revise,complete,,True
q-0700,True,payroll.integrated-components,給与計算の演習問題,reinforcement,,時間外労働に対する割増賃金の給与明細上の扱いとして適切なものはどれか。,revise,complete,,True
q-0701,True,payroll.integrated-workflow,給与計算の演習問題,core,mogi-2,"給与支給日に、基本給200,000円、残業手当20,000円、全額非課税となる通勤手当10,000円、通常必要な出張旅費の実費精算15,000円を振り込む。所得税の課税給与額（社会保険料等を控除する前）はいくらか。",revise,complete,,True
q-0702,True,payroll.integrated-workflow,給与計算の演習問題,reinforcement,,毎月、現金で定額支給する住宅手当の所得税上の扱いとして適切なものはどれか。,revise,complete,,True
q-0703,True,payroll.integrated-workflow,給与計算の演習問題,reinforcement,,毎月定額で支給する家族手当の所得税上の扱いとして適切なものはどれか。,revise,complete,,True
q-0704,True,payroll.integrated-workflow,,reinforcement,,標準報酬月額と当月の総支給額との関係として適切なものはどれか。,retire,retired,,退役：公開対象外
q-0705,True,payroll.integrated-workflow,給与計算の演習問題,reinforcement,,支給欄・控除欄を分け、各保険料を区分表示する給与明細を作る。健康保険料・厚生年金保険料について適切な表示はどれか。,revise,complete,,True
q-0706,True,payroll.integrated-workflow,給与計算の演習問題,core,,社会保険料の本人負担分を求める。設問は、法令上認められる労使間の取扱いとして、保険料の項目ごとに円未満を処理する方法を指定している。計算の進め方はどれか。,revise,complete,,True
q-0707,True,payroll.integrated-workflow,,reinforcement,,健康保険料と厚生年金保険料で異なる端数処理が指定された場合の対応はどれか。,retire,retired,,退役：公開対象外
q-0708,True,payroll.integrated-workflow,給与計算の演習問題,reinforcement,,"基本給200,000円、住宅手当20,000円、時間外手当10,000円で、ほかに支給がない場合の総支給額はどれか。",revise,complete,構造化計算未登録,True
q-0709,True,payroll.integrated-workflow,,reinforcement,,"総支給額230,000円、非課税通勤手当10,000円、社会保険料等30,000円の場合、税額表を参照する基礎額はどれか。",retire,retired,,退役：公開対象外
q-0710,True,payroll.integrated-workflow,,reinforcement,,"設問に「税額表参照の結果、源泉所得税4,280円」と明示されている場合の処理はどれか。",retire,retired,,退役：公開対象外
q-0711,True,payroll.integrated-workflow,,reinforcement,,給与所得者の扶養控除等申告書を勤務先へ提出している通常の月給者に適用する欄はどれか。,retire,retired,,退役：公開対象外
q-0712,True,payroll.integrated-workflow,給与計算の演習問題,core,mogi-1,居住者へ毎月支払う通常給与について、勤務先への扶養控除等申告書の提出がない。従たる給与の特例は考えない。使用する月額表の欄はどれか。,revise,complete,,True
q-0713,True,payroll.integrated-workflow,給与計算の演習問題,reinforcement,,居住者の2026年9月の給与について、甲欄で用いる扶養親族等の数を確認する方法として適切なものはどれか。,revise,complete,,True
q-0714,True,payroll.integrated-workflow,,reinforcement,,同居する家族を源泉徴収上の扶養親族等の数に含める際の考え方として適切なものはどれか。,retire,retired,,退役：公開対象外
q-0715,True,payroll.integrated-workflow,,reinforcement,,源泉所得税を給与明細へ反映する時点として適切なものはどれか。,retire,retired,,退役：公開対象外
q-0716,True,payroll.integrated-workflow,,reinforcement,,税額表を参照する際の住民税通知額の扱いとして適切なものはどれか。,retire,retired,,退役：公開対象外
q-0717,True,payroll.integrated-workflow,給与計算の演習問題,reinforcement,,現物給与や給与外の実費精算を含まない現金給与について、差引支給額を求める基本式はどれか。,revise,complete,計算分類の再確認,True
q-0718,True,payroll.integrated-workflow,,reinforcement,,非課税通勤手当が差引支給額に与える影響として適切なものはどれか。,retire,retired,,退役：公開対象外
q-0719,True,payroll.integrated-workflow,,reinforcement,,"月額150,000円を超える公共交通機関の通勤手当を給与明細で区分する方法はどれか。",retire,retired,,退役：公開対象外
q-0720,True,payroll.integrated-workflow,,reinforcement,,公共交通機関の通勤手当について非課税額を判定する際の考え方として適切なものはどれか。,retire,retired,,退役：公開対象外
q-0721,True,payroll.integrated-workflow,,reinforcement,,毎月定額の通勤手当を標準報酬月額の基礎へ反映する方法として適切なものはどれか。,retire,retired,,退役：公開対象外
q-0722,True,payroll.integrated-workflow,給与計算の演習問題,reinforcement,,雇用保険料の算定対象となる賃金と、出張旅費の実費精算を区別する考え方はどれか。,revise,complete,,True
q-0723,True,payroll.integrated-workflow,,reinforcement,,賞与を月例給与とは別に支給する場合の社会保険料処理として適切なものはどれか。,retire,retired,,退役：公開対象外
q-0724,True,payroll.integrated-workflow,給与計算の演習問題,reinforcement,,全額が所得税非課税の要件を満たす通勤手当を、誤って課税給与に加えた。他の支給・社会保険料等は正しく処理している。直接生じる影響はどれか。,revise,complete,,True
q-0725,True,payroll.integrated-workflow,給与計算の演習問題,reinforcement,,雇用保険に加入する人の給与で、支給した非課税通勤手当を誤って雇用保険対象賃金から除いた。他の賃金と正の本人負担率は正しく処理している。生じる影響はどれか。,revise,complete,,True
q-0726,True,payroll.integrated-workflow,給与計算の演習問題,reinforcement,,本人負担の社会保険料等が1円以上ある月の給与で、それを引く前の課税給与額を月額表に当てはめた。直接生じる誤りはどれか。,revise,complete,,True
q-0727,True,payroll.integrated-workflow,,reinforcement,,健康保険料の設問で標準報酬月額が提示されている場合の処理として適切なものはどれか。,retire,retired,,退役：公開対象外
q-0728,True,payroll.integrated-workflow,,reinforcement,,住民税の年税額と月割額が通知されている場合、当月の給与明細に用いる金額はどれか。,retire,retired,,退役：公開対象外
q-0729,True,payroll.integrated-workflow,,reinforcement,,給与明細の差引支給額を検証する方法として適切なものはどれか。,retire,retired,,退役：公開対象外
q-0730,True,payroll.integrated-workflow,,reinforcement,,給与明細の控除合計額へ含める項目の組合せとして適切なものはどれか。,retire,retired,,退役：公開対象外
q-0731,True,payroll.integrated-workflow,給与計算の演習問題,reinforcement,,完成した給与明細を点検する際の確認手順として適切なものはどれか。,revise,complete,,True
q-0732,True,payroll.integrated-workflow,給与計算の演習問題,reinforcement,,税額表を参照した結果、当月の源泉所得税が0円となった場合の処理として適切なものはどれか。,revise,complete,,True
q-0733,True,payroll.integrated-workflow,,reinforcement,,一人の従業員の給与明細を完成させる最終的な流れとして適切なものはどれか。,retire,retired,,退役：公開対象外
q-0734,True,social.premium-calculation,給与計算担当者が知っておきたい社会保険制度,core,mogi-2,"協会けんぽ東京支部、2026年4月分、在職する一般被保険者で介護保険第2号非該当、産休・育休等の免除はない。報酬月額205,000円。資料集の等級表から標準報酬月額を選ぶ。健康保険料率9.85%、子ども・子育て支援金率0.23%、いずれも労使折半とする。この2項目の被保険者負担額合計はいくらか。",revise,complete,,True
q-0735,True,social.premium-calculation,給与計算担当者が知っておきたい社会保険制度,core,mogi-1,加入を継続する一般被保険者の健康保険について、残業手当の増減で当月の総支給額が前月と異なるが、標準報酬月額の改定・訂正はない。この月の保険料の算定基礎はどれか。,revise,complete,,True
q-0736,True,social.premium-calculation,,core,,健康保険および厚生年金保険の標準報酬月額の基礎となる報酬の範囲はどれか。,retire,retired,,退役：公開対象外
q-0737,True,social.premium-calculation,,reinforcement,,健康保険および厚生年金保険の報酬に含めないものはどれか。,retire,retired,,退役：公開対象外
q-0738,True,social.premium-calculation,給与計算担当者が知っておきたい社会保険制度,reinforcement,,民間企業の通常の被保険者について、協会けんぽの健康保険、厚生年金、労災保険の保険料負担の原則はどれか。,revise,complete,,True
q-0739,True,social.premium-calculation,,reinforcement,,健康保険に加入している者が介護保険第2号被保険者となる年齢要件はどれか。,retire,retired,,退役：公開対象外
q-0740,True,social.premium-calculation,給与計算担当者が知っておきたい社会保険制度,core,,国内に住所があり協会けんぽへ継続加入し、介護保険の適用除外のない人の40歳の誕生日が4月15日である。第2号被保険者となる日はいつか。,revise,complete,,True
q-0741,True,social.premium-calculation,給与計算担当者が知っておきたい社会保険制度,reinforcement,,国内に住所があり協会けんぽへ継続加入し、介護保険の適用除外・保険料免除のない人の40歳の誕生日が5月1日である。介護保険料は何月分から発生するか。,revise,complete,,True
q-0742,True,social.premium-calculation,給与計算担当者が知っておきたい社会保険制度,reinforcement,,国内の市町村に住所があり、介護保険の適用除外のない人の65歳の誕生日が9月10日である。介護保険の第1号被保険者となる日はいつか。,revise,complete,,True
q-0743,True,social.premium-calculation,給与計算担当者が知っておきたい社会保険制度,reinforcement,,国内に住所があり協会けんぽへ継続加入し、介護保険の適用除外・保険料免除のない人の65歳の誕生日が10月1日である。協会けんぽが健康保険と一体で徴収する介護保険料は何月分までか。,revise,complete,,True
q-0744,True,social.premium-calculation,,reinforcement,,特約がない場合、社会保険料の被保険者負担分に1円未満の端数が生じたときの処理はどれか。,retire,retired,,退役：公開対象外
q-0745,True,social.premium-calculation,,core,,特約がない場合、社会保険料の被保険者負担分に生じた1円未満の端数が51銭であるときの処理はどれか。,retire,retired,,退役：公開対象外
q-0746,True,social.premium-calculation,,reinforcement,,労使折半の社会保険料について、被保険者負担分を算定する順序として適切なものはどれか。,retire,retired,,退役：公開対象外
q-0747,True,social.premium-calculation,給与計算担当者が知っておきたい社会保険制度,reinforcement,,健康保険・厚生年金の本人負担分の円未満処理について、労使間に適法な端数処理の特約がある場合、どう扱うか。,revise,complete,,True
q-0748,True,social.premium-calculation,給与計算担当者が知っておきたい社会保険制度,reinforcement,,"計算練習として健康保険料率を9.9%と指定する（2026年度東京都の実際の料率ではない）。標準報酬月額200,000円、労使折半の場合、健康保険料の被保険者負担額はいくらか。",revise,complete,構造化計算未登録,True
q-0749,True,social.premium-calculation,給与計算担当者が知っておきたい社会保険制度,core,mogi-3,"2026年4月分。協会けんぽの在職する一般被保険者で45歳、国内に住所があり介護保険の適用除外・保険料免除はない。標準報酬月額200,000円、介護保険料率1.62％、労使折半とする。介護保険料だけの本人負担額はいくらか。",revise,complete,,True
q-0750,True,social.premium-calculation,給与計算担当者が知っておきたい社会保険制度,reinforcement,,2026年4月分。在職する45歳の一般被保険者が協会けんぽと厚生年金に加入し、国内に住所があり介護保険の適用除外・保険料免除はない。雇用保険を別に計算するとき、健康保険等の本人負担の合計に含める組合せはどれか。,revise,complete,,True
q-0751,True,social.premium-calculation,給与計算担当者が知っておきたい社会保険制度,reinforcement,,2026年4月中は39歳で、国内に住所があり協会けんぽと厚生年金へ継続加入する在職中の一般被保険者である。保険料免除はない。4月分の健康保険等の本人負担を求める扱いはどれか。雇用保険は別に計算する。,revise,complete,,True
q-0752,True,social.premium-calculation,,reinforcement,,毎月の給与と賞与について、社会保険料の算定基礎の組合せとして適切なものはどれか。,retire,retired,,退役：公開対象外
q-0753,True,social.premium-calculation,給与計算担当者が知っておきたい社会保険制度,reinforcement,,"健康保険・厚生年金に継続加入し、双方について当月に適用する標準報酬月額は300,000円と決定済みで、改定・訂正はない。実際の総支給額が310,000円の月に、両制度の月額保険料に用いる基礎はどれか。",revise,complete,構造化計算未登録,True
q-0754,True,social.premium-calculation,,reinforcement,,月の途中で健康保険および厚生年金保険の資格を取得した場合、資格取得月の保険料はどのように扱うか。,retire,retired,,退役：公開対象外
q-0755,True,social.premium-calculation,,reinforcement,,健康保険および厚生年金保険の月額保険料について、月途中の入社や退職があった場合の基本的な扱いはどれか。,retire,retired,,退役：公開対象外
q-0756,True,social.premium-calculation,,reinforcement,,前月分を当月給与から控除する事業所で、被保険者が4月15日に退職した。4月給与から控除する社会保険料の扱いはどれか。,retire,retired,,退役：公開対象外
q-0757,True,social.premium-calculation,,reinforcement,,前月分を当月給与から控除する事業所で、被保険者が4月30日に退職した。4月給与から控除する社会保険料の扱いはどれか。,retire,retired,,退役：公開対象外
q-0758,True,social.premium-calculation,,core,,前月分控除方式の事業所で、月末退職者の最後の給与から2か月分の社会保険料を控除する理由はどれか。,retire,retired,,退役：公開対象外
q-0759,True,social.premium-calculation,給与計算担当者が知っておきたい社会保険制度,reinforcement,,前月分控除方式の会社へ6月1日に入社し、同日から健康保険・厚生年金の被保険者となり7月以降も加入を継続する。入社前の同社加入期間はなく、保険料免除や退職精算もない。6月給与の同社の月例保険料控除はどれか。,revise,complete,,True
q-0760,True,social.remuneration-application,給与計算担当者が知っておきたい社会保険制度,core,,報酬月額から標準報酬月額を決定する仕組みとして適切なものはどれか。,revise,complete,,True
q-0761,True,social.remuneration-application,給与計算担当者が知っておきたい社会保険制度,reinforcement,,"等級表で「250,000円以上270,000円未満は標準報酬月額260,000円」「270,000円以上290,000円未満は標準報酬月額280,000円」とされている。報酬月額270,000円の標準報酬月額はどれか。",revise,complete,構造化計算未登録,True
q-0762,True,social.remuneration-application,,reinforcement,,"標準報酬月額の等級表に「報酬月額270,000円以上290,000円未満」とある場合、境界額の読み方はどれか。",retire,retired,,退役：公開対象外
q-0763,True,social.remuneration-application,給与計算担当者が知っておきたい社会保険制度,core,mogi-1,残業手当だけの一時的な増加で実際の報酬月額が隣の等級帯になった。標準報酬月額の見直しに関する基本的な判断はどれか。,revise,complete,,True
q-0764,True,social.remuneration-application,,reinforcement,,健康保険および厚生年金保険の資格取得時に、標準報酬月額を決定する基礎はどれか。,retire,retired,,退役：公開対象外
q-0765,True,social.remuneration-application,,reinforcement,,標準報酬月額の定時決定を説明したものはどれか。,retire,retired,,退役：公開対象外
q-0766,True,social.remuneration-application,,reinforcement,,一般の被保険者について、随時改定の基本要件を満たす報酬変動はどれか。各算定月の支払基礎日数は17日以上とする。,retire,retired,,退役：公開対象外
q-0767,True,social.remuneration-application,,reinforcement,,固定的賃金が変動した月から3か月間の報酬により随時改定の要件を満たした場合、改定後の標準報酬月額は原則としていつから適用するか。,retire,retired,,退役：公開対象外
q-0768,True,social.remuneration-application,給与計算担当者が知っておきたい社会保険制度,core,mogi-2,基本給や手当単価に変更がなく、残業時間の増加だけで報酬が大きく増えた場合、随時改定の起点となるか。,revise,complete,,True
q-0769,True,social.remuneration-application,給与計算担当者が知っておきたい社会保険制度,reinforcement,,通常の随時改定を判定する一般被保険者。固定的賃金が増加し、支給月から連続3か月とも支払基礎日数17日以上だが、平均による等級は従前より1等級上昇にとどまる。上限・下限などの特例はない。扱いはどれか。,revise,complete,,True
q-0770,True,social.remuneration-application,給与計算担当者が知っておきたい社会保険制度,reinforcement,,通常の随時改定を判定する一般被保険者。引き下げ後の基本給を支給した月から連続3か月の平均による標準報酬月額が従前より2等級下がり、各月の支払基礎日数は17日以上だった。特例はない。扱いはどれか。,revise,complete,,True
q-0771,True,social.remuneration-application,,reinforcement,,基本給が引き下げられた一方、残業代の増加により変動後3か月の報酬平均が従前より2等級上がった。この場合の随時改定の扱いはどれか。,retire,retired,,退役：公開対象外
q-0772,True,social.remuneration-application,,reinforcement,,一般の被保険者に対する定時決定で、通常、報酬月額の算定対象となる支払月はどれか。,retire,retired,,退役：公開対象外
q-0773,True,social.remuneration-application,給与計算担当者が知っておきたい社会保険制度,core,mogi-3,通常の定時決定を行う一般被保険者で、短時間労働者やパートの特例には該当しない。4〜6月のうち支払基礎日数17日未満が1か月、他の2か月は17日以上で、他の特殊事情はない。17日未満の月をどう扱うか。,revise,complete,構造化計算未登録,True
q-0774,True,social.remuneration-application,,reinforcement,,特例のない一般の被保険者について、4月の支払基礎日数が20日、5月が16日、6月が19日であった。定時決定の算定対象月はどれか。,retire,retired,,退役：公開対象外
q-0775,True,social.remuneration-application,給与計算担当者が知っておきたい社会保険制度,reinforcement,,通常の定時決定を行う一般被保険者で、パート・短時間労働者の日数の特例や年間平均による算定等の特殊事情はない。4〜6月すべての支払基礎日数が17日未満の場合、基本的な扱いはどれか。,revise,complete,,True
q-0776,True,social.remuneration-application,,reinforcement,,定時決定により決められた標準報酬月額は、随時改定などがない場合、原則としてどの期間に適用されるか。,retire,retired,,退役：公開対象外
q-0777,True,bonus.insurance,賞与計算のしかた,reinforcement,,健康保険・厚生年金に係る賞与保険料の労使合計額を求める。免除はなく、保険ごとの上限を適用済みで、その制度の労使合計率が提示されている。基本式はどれか。,revise,complete,計算分類の再確認,True
q-0778,True,bonus.insurance,賞与計算のしかた,core,mogi-2,健康保険・厚生年金の賞与保険料について、上限適用後の標準賞与額と、その制度の被保険者（本人）負担率が示されている。免除がない場合の本人負担額の基本計算はどれか。,revise,complete,,True
q-0779,True,bonus.insurance,賞与計算のしかた,reinforcement,,健康保険・厚生年金の賞与保険料について、労使折半で免除はなく、上限適用後の標準賞与額と労使合計率が示されている。本人負担額の基本計算はどれか。,revise,complete,計算分類の再確認,True
q-0780,True,bonus.insurance,賞与計算のしかた,core,,賞与支給月中に年齢や資格の変動がなく、国内に住所がある協会けんぽの一般被保険者で、適用除外・保険料免除もない。賞与に介護保険料がかかる第2号被保険者の年齢範囲はどれか。,revise,complete,,True
q-0781,True,bonus.insurance,賞与計算のしかた,reinforcement,,賞与支給月を通じて35歳で、協会けんぽ・厚生年金・雇用保険に継続加入する一般被保険者に、年2回の通常賞与を支払う。免除や上限到達による不徴収はない。原則として控除しないものはどれか。,revise,complete,,True
q-0782,True,bonus.insurance,賞与計算のしかた,core,,被保険者の賞与に対する雇用保険料の労働者負担分を求める方法はどれか。,revise,complete,計算分類の再確認,True
q-0783,True,bonus.insurance,,reinforcement,,"標準賞与額における1,000円未満切捨ては、雇用保険料の計算にどう反映するか。",retire,retired,,退役：公開対象外
q-0784,True,bonus.insurance,賞与計算のしかた,reinforcement,,賞与の雇用保険料に対する標準賞与額の上限の取扱いはどれか。,revise,complete,,True
q-0785,True,bonus.insurance,賞与計算のしかた,reinforcement,,健康保険・厚生年金の被保険者へ、届出対象となる年2回の通常賞与を支給した。事業主が用いる届書はどれか。,revise,complete,,True
q-0786,True,bonus.insurance,賞与計算のしかた,reinforcement,,届出対象の賞与をその月に1回支給した。被保険者賞与支払届の原則的な提出期限はどれか。,revise,complete,,True
q-0787,True,bonus.insurance,賞与計算のしかた,reinforcement,,届出対象の賞与をその月に1回、現金だけで支給した。被保険者賞与支払届の賞与額を作成するとき、出発点となる金額はどれか。,revise,complete,,True
q-0788,True,bonus.insurance,賞与計算のしかた,reinforcement,,事業主が届出対象の賞与を支給した場合の、健康保険・厚生年金の被保険者賞与支払届と70歳以上被用者賞与支払届の対象者の組合せはどれか。,revise,complete,,True
q-0789,True,bonus.insurance,賞与計算のしかた,reinforcement,,健康保険・厚生年金の賞与保険料が発生する被保険者について、法令に基づき本人負担分を賞与から控除できるのはいつか。,revise,complete,,True
q-0790,True,bonus.insurance,賞与計算のしかた,reinforcement,,協会けんぽ・厚生年金の賞与保険料が発生した。通常の通知による事業主の納付方法と原則期限はどれか。休日による期限の延長は考えない。,revise,complete,,True
q-0791,True,bonus.leave-exemption,賞与計算のしかた,reinforcement,,育児休業等による賞与保険料免除の「連続して1か月を超える」という要件は、何日以後に開始する休業から適用されたか。適用開始の境界日を選ぶ。,revise,complete,構造化計算未登録,True
q-0792,True,bonus.leave-exemption,賞与計算のしかた,core,mogi-2,2022年10月1日以後に開始した法定の育児休業等について、健康保険・厚生年金の賞与保険料免除を判定する。必要な申出は行い、他の免除理由はない。賞与月に関する期間要件を満たす組合せはどれか。,revise,complete,,True
q-0793,True,bonus.leave-exemption,賞与計算のしかた,core,mogi-3,2026年に開始した法定の育児休業等が、賞与支給月の末日を含んでちょうど1か月で終了し、前後に連続する休業もない。他の免除理由はない。健康保険・厚生年金の賞与保険料の扱いはどれか。,revise,complete,,True
q-0794,True,bonus.leave-exemption,賞与計算のしかた,core,,2026年6月10日から23日まで、法定の育児休業等を連続14日取得した。前後に続く休業・就業日はなく、必要な申出は適正に行い、他の免除理由はない。6月に支給した賞与と6月の月額保険料について、正しい説明はどれか。,revise,complete,構造化計算未登録,True
q-0795,True,bonus.leave-exemption,賞与計算のしかた,core,,法定の育児休業等で健康保険・厚生年金の賞与保険料免除の要件を満たし、必要な申出も適正に行った。免除される負担分はどれか。,revise,complete,,True
q-0796,True,bonus.leave-exemption,,reinforcement,,賞与支給日に従業員が育児休業中であった場合、賞与保険料の免除判定として適切なものはどれか。,retire,retired,,退役：公開対象外
q-0797,True,bonus.net-pay,賞与計算のしかた,core,,在職中の従業員に通常賞与を支給する。住民税は通知どおり月例給与から特別徴収しており、退職時の一括徴収や未徴収額の精算等はない。賞与支給時の住民税の基本的な扱いはどれか。,revise,complete,,True
q-0798,True,bonus.net-pay,,reinforcement,,給与所得者の住民税を特別徴収する通常の方法はどれか。,retire,retired,,退役：公開対象外
q-0799,True,bonus.net-pay,賞与計算のしかた,reinforcement,,賞与と住民税の関係について適切な説明はどれか。,revise,complete,,True
q-0800,True,bonus.net-pay,賞与計算のしかた,core,,2026年9月支給の通常賞与について、健康・介護・支援金・厚生年金・雇用の本人負担額と源泉所得税額を算出済みである。住民税は月例給与で通知どおり控除し、退職時の一括徴収・社内控除等はない。最終の差引支給額の計算はどれか。,revise,complete,,True
q-0801,True,bonus.standard,賞与計算のしかた,core,,"年2回の通常賞与を、その月に1回だけ税引前250,999円支給した。健康保険・厚生年金とも標準賞与額の上限に達せず、免除等の特殊事情はない。この賞与の標準賞与額はどれか。",revise,complete,構造化計算未登録,True
q-0802,True,bonus.withholding,賞与計算のしかた,reinforcement,,"2026年9月に支給する通常賞与について、社会保険料等控除後の金額は100,000円、復興特別所得税を含める前の本税率は2％と提示された。本税額に102.1％を掛けた源泉徴収税額はどれか。",revise,complete,構造化計算未登録,True
q-0803,True,bonus.standard,賞与計算のしかた,core,,社会保険上、年3回以下で、毎月の給与とは別に3か月を超える期間ごとに支払う一時金のうち、標準賞与額の対象となるものはどれか。,revise,complete,,True
q-0804,True,bonus.standard,,core,,年間4回の定期賞与について、社会保険上の取扱いとして適切なものはどれか。,retire,retired,,退役：公開対象外
q-0805,True,bonus.standard,,reinforcement,,標準賞与額として扱う定期的な一時金について、年間支給回数の上限はどれか。,retire,retired,,退役：公開対象外
q-0806,True,bonus.standard,,reinforcement,,一時金が社会保険上の賞与に該当するかを判定する方法として適切なものはどれか。,retire,retired,,退役：公開対象外
q-0807,True,bonus.standard,,reinforcement,,標準賞与額の基本的な算出方法として適切なものはどれか。,retire,retired,,退役：公開対象外
q-0808,True,bonus.standard,,reinforcement,,標準賞与額を決定するときの端数処理として適切なものはどれか。,retire,retired,,退役：公開対象外
q-0809,True,bonus.standard,賞与計算のしかた,reinforcement,,2026年9月1日時点、同一の健康保険の保険者に継続加入している人について、標準賞与額の上限はどれか。,revise,complete,,True
q-0810,True,bonus.standard,,reinforcement,,健康保険の標準賞与額について、年度累計上限を管理する期間はどれか。,retire,retired,,退役：公開対象外
q-0811,True,bonus.standard,賞与計算のしかた,reinforcement,,健康保険の同一保険者に年度初めから継続加入している。前月までの標準賞与額の年度累計は573万円未満だったが、今月1回の賞与で初めて573万円を超える。今月の健康保険の標準賞与額の取扱いはどれか。,revise,complete,構造化計算未登録,True
q-0812,True,bonus.standard,賞与計算のしかた,reinforcement,,厚生年金保険における標準賞与額の上限として適切なものはどれか。,revise,complete,,True
q-0813,True,bonus.standard,,reinforcement,,同じ月に賞与を2回支給した場合、厚生年金保険の上限を適用する方法はどれか。,retire,retired,,退役：公開対象外
q-0814,True,bonus.standard,,reinforcement,,異なる月に賞与を支給した場合、厚生年金保険の上限を管理する方法はどれか。,retire,retired,,退役：公開対象外
q-0815,True,bonus.withholding,賞与計算のしかた,core,,2026年9月、居住者で扶養控除等申告書を提出済みの人へ通常賞与を支給する。前月給与なし等の特例に該当しない。賞与算出率表の甲欄で率を選ぶ方法はどれか。,revise,complete,,True
q-0816,True,bonus.withholding,,reinforcement,,賞与の算出率を選ぶ際に用いる前月給与の金額はどれか。,retire,retired,,退役：公開対象外
q-0817,True,bonus.withholding,,reinforcement,,算出率の表の甲欄で使用する扶養親族等の数は、何に基づいて確認するか。,retire,retired,,退役：公開対象外
q-0818,True,bonus.withholding,賞与計算のしかた,reinforcement,,通常の賞与から社会保険料等の本人負担分（0円ではない）を控除する。算出率表で選んだ率を掛ける金額はどれか。,revise,complete,,True
q-0819,True,bonus.withholding,,reinforcement,,賞与の源泉所得税計算で102.1%を掛ける意味はどれか。なお、設問の率は復興特別所得税加算前の本税率とする。,retire,retired,,退役：公開対象外
q-0820,True,bonus.withholding,,core,,前月に給与の支払がない者へ賞与を支給する場合、源泉徴収税額の算定方法はどれか。,retire,retired,,退役：公開対象外
q-0821,True,bonus.withholding,,reinforcement,,社会保険料等控除後の賞与が前月給与の10倍を超える場合、源泉徴収税額の取扱いはどれか。,retire,retired,,退役：公開対象外
q-0822,True,bonus.withholding,,reinforcement,,賞与が前月給与の10倍を超えるかを判定するとき、比較する金額の組合せはどれか。,retire,retired,,退役：公開対象外
q-0823,True,bonus.withholding,,reinforcement,,賞与の計算期間が6か月以下で、前月給与の10倍を超える特例を使う場合の基本的な計算手順はどれか。,retire,retired,,退役：公開対象外
q-0824,True,bonus.withholding,,reinforcement,,賞与の計算期間が6か月を超える場合、月額表による特例計算で用いる期間数はどれか。,retire,retired,,退役：公開対象外
q-0825,True,bonus.withholding,,reinforcement,,前月に給与の支払がない場合の特例計算について、基本的な手順はどれか。,retire,retired,,退役：公開対象外
q-0826,True,bonus.withholding,賞与計算のしかた,reinforcement,,2026年9月、健康・介護・厚生年金・雇用の保険料と子ども・子育て支援金が発生する人に通常賞与を支給する。源泉所得税の計算基礎から差し引く、これらの本人負担分の組合せはどれか。,revise,complete,,True
q-0827,True,calculation.bonus-withholding,賞与計算のしかた,core,mogi-3,"2026年9月、月内を通じて35歳の居住者で、協会けんぽ東京支部・厚生年金（基金なし）・一般の事業の雇用保険に加入し、免除はない。通常賞与500,000円、両制度の標準賞与額も500,000円。扶養控除等申告書は提出済み、前月の社会保険料等控除後の課税給与240,000円、表の扶養親族等1人。健康9.85％・支援金0.23％・厚年18.3％を労使折半、雇用の本人率5/1,000。2026年分賞与算出率表を用い、1円未満を切り捨てた賞与の源泉徴収税額はどれか。",revise,complete,,True
q-0828,True,calculation.bonus-withholding,賞与計算のしかた,core,,"2026年9月、月内を通じて45歳・国内住所ありの協会けんぽ東京支部・厚生年金（基金なし）・一般の事業の雇用保険の加入者へ、通常賞与600,000円を支給する。免除・上限到達なし。居住者・甲欄で前月給与に対応する算出率は2.042％と与えられている。健保＋介護11.47％、支援金0.23％、厚年18.3％は労使折半、雇用の本人率5/1,000。賞与の源泉徴収税額を1円未満切捨てで求めよ。",revise,complete,,True
q-0829,True,calculation.net-pay,給与計算の演習問題,core,mogi-3,"2026年9月の現金総支給額は300,000円で全額課税。月内を通じ35歳の居住者で、協会けんぽ東京・厚生年金（基金なし）・一般の事業の雇用保険へ継続加入し、免除はない。給与から控除する月分の健康保険・厚生年金の標準報酬月額はどちらも300,000円、支援金も対象とする。扶養控除等申告書を提出済みで表の扶養親族等1人。資料集から本人負担の保険料と源泉所得税を求め、差引支給額を答えよ。住民税・その他控除・給与以外の精算は0円。",revise,complete,,True
q-0830,True,calculation.net-pay,給与計算の演習問題,core,,"2026年9月の現金総支給額は320,000円（非課税通勤手当18,000円を含む）。月内を通じ45歳・国内住所ありの居住者で、協会けんぽ東京・厚生年金（基金なし）・一般の事業の雇用保険へ継続加入し、免除はない。給与から控除する月分の健康保険・厚生年金の標準報酬月額はどちらも300,000円、支援金も対象とする。扶養控除等申告書を提出済みで表の扶養親族等0人。住民税の通知額12,000円、他の控除・給与以外の精算なし。資料集で本人負担の保険料と源泉所得税を求め、差引支給額を答えよ。",revise,complete,,True
q-0831,True,calculation.social-insurance,給与計算の演習問題,core,,"2026年4月分の保険料を5月給与から控除する。月内を通じ45歳・国内住所あり、協会けんぽ東京支部・厚生年金（基金なし）の一般被保険者で、免除・適用除外なし。両制度の標準報酬月額は300,000円。健保＋介護11.47％、支援金0.23％、厚年18.3％を労使折半とする。この3項目の本人負担合計はいくらか。雇用保険を含めず円で答えよ。",revise,complete,,True
q-0832,False,payroll.absence-vs-disciplinary-reduction,給与計算とは,core,,給与の減額処理を確認する際、欠勤控除と減給制裁を区別する基準として適切なものはどれか。,revise,complete,,True
q-0833,False,payroll.mynumber-handling,給与計算とは,core,,給与計算担当者が、源泉徴収票作成や社会保険届出のために従業員本人から書面でマイナンバーを取得する。取得前の対応として適切なものはどれか。,revise,complete,,True
q-0834,False,social.pension-grade-range,給与計算担当者が知っておきたい社会保険制度,core,,標準報酬月額の等級表を選ぶときの注意点として適切なものはどれか。,revise,complete,,True
q-0835,False,social.remuneration-scope,給与計算担当者が知っておきたい社会保険制度,core,,従業員が立て替えた通常必要な出張旅費を領収書に基づき実費精算した。この精算額の社会保険上の扱いとして適切なものはどれか。,revise,complete,,True
q-0836,False,commute.car-distance-limit,支給項目欄,core,,"2026年4月25日に支払われるべき、その月のマイカー通勤手当55,000円を支給する。過去の手当の差額追加ではない。片道70kmで、勤務先周辺の駐車場料金6,000円を常例として本人が負担し、非課税限度額への加算要件を満たす。交通機関等の併用はない。資料集を使い、課税となる通勤手当を求めよ。",revise,complete,,True
q-0837,False,bonus.withholding-method,賞与計算のしかた,core,mogi-3,居住者が主たる勤務先A社へ扶養控除等申告書を提出し、副業先B社からも通常の賞与を受ける。B社へは申告書を提出しておらず、前月給与なし等の特例には該当しない。B社が賞与算出率表で使用する欄はどれか。,revise,complete,,True
